token_id,count,mean,p05,p10,p15,p25,p50,p75,min_conf,max_conf
220,21796,0.8759078545446985,0.36328125,0.52734375,0.65625,0.8359375,1.0,1.0,0.08056640625,1.0
279,15779,0.7017901407477898,0.1826171875,0.259765625,0.287109375,0.451171875,0.79296875,1.0,0.059326171875,1.0
13,14083,0.7709085824331641,0.18359375,0.361328125,0.439453125,0.57421875,0.91015625,1.0,0.08349609375,1.0
15,14081,0.8993378780027165,0.470703125,0.625,0.734375,0.87890625,1.0,1.0,0.09619140625,1.0
264,11422,0.6993497762678383,0.2275390625,0.2412109375,0.306640625,0.349609375,0.76171875,1.0,0.12255859375,1.0
16,11415,0.8703878167946507,0.30078125,0.423828125,0.6097656249999996,0.8671875,1.0,1.0,0.019287109375,1.0
315,11034,0.7512526533753625,0.265625,0.2890625,0.3046875,0.4296875,0.90625,1.0,0.07275390625,1.0
17,9938,0.9312348867667035,0.578125,0.66796875,0.8359375,0.96875,1.0,1.0,0.07568359375,1.0
18,7352,0.909178956937738,0.5546875,0.63671875,0.73046875,0.875,1.0,1.0,0.07958984375,1.0
323,7240,0.8643765781465815,0.259765625,0.48046875,0.65234375,0.81640625,1.0,1.0,0.08154296875,1.0
11,6917,0.8014768584194738,0.273046875,0.421875,0.515625,0.6328125,0.91796875,1.0,0.0830078125,1.0
284,5774,0.9399520615041566,0.578125,0.81640625,0.9060546874999997,0.96875,1.0,1.0,0.15625,1.0
11031,5616,0.8510027502337073,0.478515625,0.50390625,0.53125,0.6552734375,1.0,1.0,0.181640625,1.0
1555,5569,0.7374686461887233,0.201171875,0.21367187500000007,0.455078125,0.484375,0.93359375,1.0,0.1787109375,1.0
20,5273,0.9626076385596435,0.71875,0.8914062500000002,0.9609375,1.0,1.0,1.0,0.16015625,1.0
19,5250,0.9493408668154761,0.65625,0.8003906249999999,0.90625,1.0,1.0,1.0,0.10888671875,1.0
374,4732,0.8431741129213335,0.267578125,0.29296875,0.5703125,0.78125,0.96875,1.0,0.0908203125,1.0
358,4284,0.5002504094085551,0.306640625,0.318359375,0.337890625,0.36328125,0.416015625,0.494140625,0.103515625,1.0
320,3679,0.8250246330524599,0.1806640625,0.1904296875,0.5,0.81640625,0.9453125,1.0,0.154296875,1.0
614,3588,0.4756460880887681,0.2275390625,0.2373046875,0.244140625,0.251953125,0.3046875,0.859375,0.1328125,1.0
488,3244,0.9007347097526203,0.5546875,0.62109375,0.70703125,0.8359375,1.0,1.0,0.2333984375,1.0
311,3204,0.6938264730122503,0.31474609375,0.33984375,0.359375,0.4375,0.69921875,1.0,0.08642578125,1.0
87,3108,0.88591531682352,0.45703125,0.4921875,0.7421875,0.8046875,1.0,1.0,0.166015625,1.0
576,2917,0.8235890228616729,0.308203125,0.3984375,0.47734374999999996,0.6484375,0.98046875,1.0,0.1865234375,1.0
400,2754,0.9269585148874364,0.65234375,0.75390625,0.81640625,0.90625,1.0,1.0,0.26953125,1.0
1477,2605,0.7322872930662188,0.4140625,0.423828125,0.4375,0.57421875,0.73046875,0.94140625,0.1484375,1.0
21,2591,0.9329334113276727,0.4345703125,0.75390625,0.8828125,0.97265625,1.0,1.0,0.251953125,1.0
21495,2475,0.7855784406565657,0.255859375,0.267578125,0.39277343749999993,0.6015625,0.9375,1.0,0.1416015625,1.0
7358,2351,0.9340236701137814,0.6796875,0.70703125,0.73046875,0.92578125,1.0,1.0,0.1962890625,1.0
271,2335,0.8771702899156852,0.760546875,0.76953125,0.7734375,0.77734375,0.98828125,1.0,0.056640625,1.0
553,2231,0.6510511506891529,0.1318359375,0.1357421875,0.28515625,0.30859375,0.7421875,0.98046875,0.107421875,1.0
19246,2211,0.8938285313489371,0.41015625,0.48828125,0.6171875,0.96875,1.0,1.0,0.1962890625,1.0
22669,2091,0.9697139526542324,0.87109375,0.890625,0.9453125,0.95703125,0.984375,1.0,0.5234375,1.0
3082,2032,0.7617350901205708,0.1057373046875,0.11279296875,0.12822265624999996,0.6328125,0.93359375,1.0,0.08740234375,1.0
8,1955,0.8850603420716112,0.5,0.62109375,0.73046875,0.82421875,0.96875,1.0,0.13671875,1.0
23,1890,0.956776775380291,0.7048828125,0.851171875,0.93359375,0.9765625,1.0,1.0,0.12451171875,1.0
25,1869,0.9293214850020064,0.287109375,0.7273437500000002,0.94140625,0.984375,1.0,1.0,0.07958984375,1.0
525,1843,0.8546479712086272,0.31640625,0.4347656250000001,0.6015625,0.77734375,1.0,1.0,0.1494140625,1.0
3501,1839,0.6004653938961392,0.30078125,0.3125,0.3203125,0.3359375,0.52734375,0.89453125,0.197265625,1.0
4512,1770,0.7822629766949153,0.53515625,0.54296875,0.55078125,0.55859375,0.95703125,0.96875,0.1025390625,1.0
448,1752,0.6194850973886986,0.2119140625,0.2177734375,0.2216796875,0.39306640625,0.5859375,0.96875,0.14453125,1.0
429,1692,0.5099713841792257,0.1298828125,0.1318359375,0.1337890625,0.1416015625,0.5390625,0.75,0.1220703125,1.0
79014,1677,0.8361541256708408,0.625,0.640625,0.6484375,0.66015625,0.98828125,1.0,0.32421875,1.0
353,1621,0.8647494071946329,0.5625,0.62109375,0.6796875,0.75390625,0.93359375,1.0,0.1865234375,1.0
1459,1545,0.6656319528721683,0.43984375,0.462890625,0.474609375,0.498046875,0.5859375,0.859375,0.1591796875,1.0
4226,1508,0.9817833533653846,0.8841796875000001,0.96875,0.984375,1.0,1.0,1.0,0.353515625,1.0
23606,1493,0.78825992653215,0.2490234375,0.35820312500000007,0.41796874999999983,0.6796875,0.87109375,0.984375,0.216796875,1.0
17228,1406,0.6845991370688123,0.32568359375,0.3681640625,0.38037109375,0.40625,0.650390625,0.96875,0.103515625,1.0
1939,1375,0.64286328125,0.28515625,0.295703125,0.3046875,0.37890625,0.6328125,0.8515625,0.12158203125,1.0
304,1337,0.7900631661368736,0.29453125,0.33515625,0.443359375,0.6015625,0.9375,1.0,0.11279296875,1.0
22,1324,0.9557891569108762,0.6541015625000001,0.8421875000000001,0.953125,1.0,1.0,1.0,0.173828125,1.0
40,1291,0.3958542614736638,0.2314453125,0.2333984375,0.234375,0.2373046875,0.2431640625,0.38671875,0.08642578125,1.0
151643,1200,0.8604833984375,0.671875,0.71484375,0.73828125,0.78515625,0.8671875,0.95703125,0.322265625,1.0
151665,1200,0.9962760416666666,1.0,1.0,1.0,1.0,1.0,1.0,0.44140625,1.0
481,1196,0.9463903114548495,0.6181640625,0.78125,0.90625,0.96875,1.0,1.0,0.3046875,1.0
2,1161,0.06810850526216623,0.061279296875,0.062255859375,0.06298828125,0.064453125,0.06689453125,0.06884765625,0.052490234375,0.87109375
13048,1127,0.28816045779724936,0.138671875,0.1416015625,0.142578125,0.14453125,0.1484375,0.15869140625,0.1123046875,1.0
3554,1118,0.5886972935766994,0.191259765625,0.3515625,0.55859375,0.56640625,0.5703125,0.578125,0.09375,1.0
3405,1112,0.43173986201663667,0.2431640625,0.24609375,0.248046875,0.25,0.255859375,0.27490234375,0.197265625,1.0
773,1104,0.813919730808424,0.46708984375,0.53515625,0.5859375,0.6748046875,0.8515625,1.0,0.2138671875,1.0
701,1103,0.8868834287171351,0.53125,0.53125,0.53125,0.92578125,1.0,1.0,0.34375,1.0
911,1098,0.3797574069330601,0.1748046875,0.177734375,0.1796875,0.181640625,0.1875,0.19921875,0.166015625,1.0
7704,1080,0.8341905381944444,0.11474609375,0.13271484375,0.38447265625,0.96875,1.0,1.0,0.103515625,1.0
1378,1077,0.9138358141829155,0.77734375,0.8515625,0.8984375,0.90234375,0.91015625,0.95703125,0.330078125,1.0
2585,1071,0.5954842874649859,0.07958984375,0.0810546875,0.08203125,0.0849609375,0.68359375,0.9609375,0.0751953125,1.0
2326,959,0.9019119851407716,0.61328125,0.62890625,0.64453125,0.94140625,0.96875,1.0,0.271484375,1.0
608,928,0.9457502693965517,0.65234375,0.772265625,0.87890625,0.9609375,1.0,1.0,0.306640625,1.0
1948,919,0.7335355175462459,0.62109375,0.62109375,0.62109375,0.6796875,0.6796875,0.77734375,0.31640625,1.0
379,892,0.9123962128643498,0.5685546875,0.653515625,0.67578125,0.9560546875,1.0,1.0,0.267578125,1.0
24,883,0.953642589184598,0.680078125,0.8359375,0.93359375,0.98046875,1.0,1.0,0.1142578125,1.0
856,836,0.8456493906997608,0.34130859375,0.529296875,0.5703125,0.6630859375,1.0,1.0,0.1875,1.0
8752,835,0.09069166354790419,0.0810546875,0.0830078125,0.08447265625,0.0859375,0.08984375,0.0947265625,0.078125,0.11376953125
702,822,0.8221563260340633,0.38320312500000003,0.5,0.58203125,0.69921875,0.908203125,1.0,0.248046875,1.0
389,793,0.8145873561633039,0.1953125,0.373828125,0.49765625,0.72265625,0.9609375,1.0,0.185546875,1.0
568,750,0.6930546875,0.474609375,0.474609375,0.474609375,0.49609375,0.81640625,0.8359375,0.36328125,1.0
1366,744,0.6292120820732527,0.53125,0.53125,0.53515625,0.5625,0.59765625,0.63671875,0.171875,1.0
566,743,0.7900942652254375,0.4609375,0.5125,0.559765625,0.640625,0.8359375,0.96875,0.0771484375,1.0
1730,729,0.5794954025205762,0.1703125,0.1814453125,0.3265625,0.349609375,0.408203125,0.890625,0.134765625,1.0
2790,726,0.8054380810950413,0.3720703125,0.4296875,0.49609375,0.6376953125,0.9140625,1.0,0.1591796875,1.0
2055,704,0.671478271484375,0.33232421875,0.373046875,0.40322265625,0.484375,0.65625,0.87890625,0.193359375,1.0
2619,683,0.873174128385798,0.4103515625,0.5046875,0.6171875,0.81640625,1.0,1.0,0.1982421875,1.0
382,637,0.7336360625981162,0.3828125,0.47265625,0.51171875,0.60546875,0.7578125,0.87890625,0.1796875,1.0
369,635,0.7886657234251968,0.326171875,0.41484375,0.494140625,0.60546875,0.90234375,1.0,0.1962890625,1.0
1667,619,0.6590376994143781,0.3240234375,0.34765625,0.3646484375,0.400390625,0.54296875,0.9609375,0.15625,1.0
1251,615,0.9359883130081301,0.55625,0.68125,0.832421875,0.978515625,1.0,1.0,0.265625,1.0
393,604,0.8486489807533113,0.466796875,0.4849609375,0.5625,0.58203125,1.0,1.0,0.26953125,1.0
537,568,0.8236651353433099,0.384765625,0.51171875,0.5939453125,0.69921875,0.89453125,1.0,0.140625,1.0
1083,539,0.5864828530844156,0.359375,0.3984375,0.4466796875,0.53125,0.57421875,0.6015625,0.2490234375,1.0
1447,538,0.568678845260223,0.220703125,0.2294921875,0.234375,0.255859375,0.654296875,0.73046875,0.169921875,1.0
565,531,0.4542211040489642,0.11962890625,0.12451171875,0.12890625,0.1396484375,0.51953125,0.6875,0.107421875,1.0
83,529,0.915421195652174,0.76171875,0.7734375,0.79375,0.8515625,0.98046875,1.0,0.5625,1.0
1246,528,0.9539498993844697,0.7279296875,0.834765625,0.9103515625,0.9609375,1.0,1.0,0.16796875,1.0
7379,520,0.8343374399038461,0.353515625,0.415625,0.6048828125,0.62890625,0.978515625,1.0,0.30859375,1.0
1414,511,0.6269206366193738,0.2060546875,0.2158203125,0.23046875,0.248046875,0.7890625,0.8671875,0.1298828125,1.0
198,505,0.9133740717821782,0.28203125,0.87265625,0.94140625,0.9453125,0.9609375,1.0,0.0859375,1.0
1340,495,0.8191130050505051,0.4658203125,0.56015625,0.594140625,0.681640625,0.8671875,1.0,0.26171875,1.0
14,475,0.9344161184210527,0.6890625,0.8367187500000001,0.89453125,0.91015625,0.97265625,1.0,0.279296875,1.0
646,471,0.8638576499469215,0.546875,0.62109375,0.6484375,0.70703125,0.96875,1.0,0.29296875,1.0
2704,469,0.9328420675639659,0.369921875,0.68359375,0.93515625,1.0,1.0,1.0,0.2177734375,1.0
419,439,0.9098181235763098,0.5531250000000001,0.62109375,0.73046875,0.9140625,1.0,1.0,0.26953125,1.0
2980,438,0.7392444349315068,0.46455078125,0.5390625,0.5880859375,0.6533203125,0.7421875,0.82421875,0.318359375,1.0
1207,434,0.8537001368087558,0.39248046875000003,0.4140625,0.43740234375,0.7841796875,1.0,1.0,0.34765625,1.0
4325,429,0.6987054286858975,0.53125,0.57421875,0.58984375,0.640625,0.703125,0.7578125,0.07275390625,1.0
686,428,0.7563043041764018,0.35615234375,0.3802734375,0.42001953125,0.5458984375,0.806640625,1.0,0.1396484375,1.0
498,423,0.898278202570922,0.4064453125,0.61015625,0.71171875,0.919921875,1.0,1.0,0.09716796875,1.0
752,417,0.7403936226019184,0.5234375,0.5375,0.546875,0.58203125,0.7421875,0.86328125,0.263671875,1.0
1184,408,0.6519607843137255,0.486328125,0.490234375,0.49609375,0.5,0.5703125,0.73046875,0.349609375,1.0
14806,407,0.7144190532862408,0.3390625,0.3546875,0.373046875,0.4443359375,0.8359375,0.974609375,0.2119140625,1.0
1365,406,0.9652286022167488,0.8515625,0.87109375,0.87890625,0.9541015625,1.0,1.0,0.35546875,1.0
1052,398,0.8477470359610553,0.42158203125,0.5171875,0.5802734375,0.73046875,0.98046875,1.0,0.1259765625,1.0
1260,397,0.6996098669710328,0.319921875,0.391796875,0.45,0.53125,0.7109375,0.8828125,0.09619140625,1.0
803,393,0.8559284549936387,0.280078125,0.5328125,0.6390625,0.75390625,0.9765625,1.0,0.1787109375,1.0
2608,383,0.8592475114229765,0.447265625,0.476953125,0.54140625,0.73828125,1.0,1.0,0.34765625,1.0
2331,378,0.8838820684523809,0.5546875,0.658984375,0.7265625,0.796875,0.9453125,1.0,0.302734375,1.0
1657,374,0.9284263243649733,0.59375,0.730078125,0.8083984375,0.9384765625,1.0,1.0,0.21875,1.0
438,368,0.9424518087635869,0.631640625,0.7578125,0.87890625,0.953125,1.0,1.0,0.189453125,1.0
4621,363,0.7892992424242424,0.496484375,0.55859375,0.56640625,0.58203125,0.8828125,1.0,0.373046875,1.0
653,349,0.7741034652578797,0.58203125,0.609375,0.6328125,0.68359375,0.77734375,0.8671875,0.341796875,1.0
2783,349,0.8178501074498568,0.462890625,0.56015625,0.621875,0.69921875,0.8671875,0.9765625,0.2236328125,1.0
1492,343,0.901256149781341,0.6570312500000001,0.80078125,0.81640625,0.8671875,0.94140625,0.9609375,0.490234375,1.0
1372,330,0.9181167140151515,0.59296875,0.6484375,0.7421875,0.900390625,1.0,1.0,0.349609375,1.0
11067,329,0.7578926434270516,0.306640625,0.327734375,0.36874999999999997,0.56640625,0.86328125,1.0,0.2236328125,1.0
1817,323,0.8177123645510835,0.458984375,0.5414062500000001,0.602734375,0.66796875,0.8828125,1.0,0.2890625,1.0
48,317,0.9803332018927445,0.9015625,0.95546875,0.9609375,0.9765625,1.0,1.0,0.41796875,1.0
7021,316,0.9888746044303798,0.953125,0.95703125,0.9609375,1.0,1.0,1.0,0.7890625,1.0
259,308,0.8239143668831169,0.5404296875,0.59375,0.64453125,0.68359375,0.892578125,1.0,0.259765625,1.0
817,303,0.8624561674917491,0.48515625,0.56328125,0.633984375,0.76171875,0.953125,1.0,0.400390625,1.0
2115,302,0.8502043667218543,0.42500000000000004,0.56328125,0.640625,0.7431640625,0.92578125,1.0,0.314453125,1.0
387,299,0.6552342443561873,0.21865234375,0.2478515625,0.255859375,0.2744140625,0.609375,1.0,0.2021484375,1.0
1899,298,0.9009280620805369,0.5462890625,0.651171875,0.76171875,0.8642578125,0.96875,1.0,0.29296875,1.0
1079,288,0.6500515407986112,0.226904296875,0.234375,0.5,0.5625,0.64453125,0.83984375,0.2119140625,1.0
1147,283,0.9045108215547704,0.801953125,0.8359375,0.8359375,0.8515625,0.8671875,1.0,0.59765625,1.0
32,280,0.9187360491071429,0.3748046875,0.591796875,0.8654296875,0.9970703125,1.0,1.0,0.1806640625,1.0
624,271,0.6558788341789668,0.2783203125,0.294921875,0.3115234375,0.3740234375,0.6796875,1.0,0.2060546875,1.0
2932,270,0.7001808449074074,0.33076171875,0.3943359375,0.4609375,0.541015625,0.72265625,0.884765625,0.212890625,1.0
1091,265,0.8754053655660378,0.398046875,0.5859375,0.68203125,0.77734375,0.984375,1.0,0.30859375,1.0
4420,263,0.9388293132129277,0.68359375,0.7546875,0.80703125,0.953125,1.0,1.0,0.38671875,1.0
6693,261,0.9856583752394636,0.984375,1.0,1.0,1.0,1.0,1.0,0.2431640625,1.0
1985,259,0.8445870535714286,0.4626953125,0.5546875,0.65234375,0.75,0.95703125,1.0,0.341796875,1.0
4115,257,0.9283119528210116,0.60546875,0.715625,0.81640625,0.94140625,1.0,1.0,0.2734375,1.0
5267,257,0.9081309277723736,0.309375,0.596875,0.7734375,0.96875,1.0,1.0,0.2099609375,1.0
4,254,0.9214174766240157,0.558203125,0.7390625,0.8474609375,0.93359375,0.98828125,1.0,0.232421875,1.0
4622,254,0.840697281003937,0.42294921875,0.48984375,0.65234375,0.796875,0.904296875,0.9677734375,0.318359375,1.0
714,252,0.6792379712301587,0.2734375,0.287109375,0.296875,0.32958984375,0.767578125,0.92578125,0.25390625,1.0
4354,252,0.6667364211309523,0.4044921875,0.4279296875,0.447265625,0.46875,0.546875,0.9150390625,0.33203125,1.0
758,249,0.7473448481425703,0.32109375,0.347265625,0.37968749999999996,0.49609375,0.8515625,1.0,0.208984375,1.0
892,248,0.7845104586693549,0.31513671875,0.3978515625,0.4884765625,0.6240234375,0.853515625,1.0,0.1865234375,1.0
504,248,0.871306388608871,0.4662109375,0.55,0.656640625,0.78125,0.962890625,1.0,0.32421875,1.0
432,247,0.8199645748987854,0.4146484375,0.50390625,0.5625,0.654296875,0.92578125,1.0,0.1552734375,1.0
1032,238,0.9757172400210085,0.6806640625,0.98828125,1.0,1.0,1.0,1.0,0.359375,1.0
785,238,0.27579273897058826,0.154296875,0.15693359375,0.1591796875,0.164306640625,0.1904296875,0.242919921875,0.126953125,1.0
4279,236,0.8868387513241526,0.466796875,0.583984375,0.6845703125,0.8662109375,1.0,1.0,0.1748046875,1.0
594,232,0.8396459119073276,0.39365234375,0.504296875,0.5466796875,0.70703125,0.95703125,1.0,0.1181640625,1.0
21615,230,0.6455247961956522,0.361328125,0.39765625000000004,0.412109375,0.44677734375,0.517578125,0.9375,0.30078125,1.0
2219,222,0.5216515343468469,0.37314453125,0.40625,0.419921875,0.431640625,0.4912109375,0.62109375,0.255859375,0.7890625
4143,222,0.882909276463964,0.3501953125,0.559765625,0.7232421875,0.841796875,1.0,1.0,0.1552734375,1.0
8279,221,0.9291307268099548,0.46875,0.73046875,0.859375,0.953125,1.0,1.0,0.275390625,1.0
2776,218,0.669998028956422,0.5484375,0.5625,0.5625,0.5625,0.6796875,0.73046875,0.1416015625,1.0
807,216,0.8272524233217593,0.44287109375,0.517578125,0.587890625,0.7099609375,0.908203125,1.0,0.1943359375,1.0
7314,211,0.9481727636255924,0.359375,0.9140625,0.95703125,1.0,1.0,1.0,0.26953125,1.0
4340,207,0.918582050120773,0.84375,0.85390625,0.859375,0.87890625,0.91015625,0.9921875,0.310546875,1.0
15275,206,0.837108426881068,0.178955078125,0.22900390625,0.2705078125,1.0,1.0,1.0,0.134765625,1.0
760,203,0.7014220289408867,0.2755859375,0.294921875,0.30859375,0.3515625,0.82421875,0.984375,0.25390625,1.0
12658,203,0.9012276785714286,0.338671875,0.377734375,0.9195312499999998,0.98828125,0.9921875,1.0,0.1875,1.0
40676,199,0.9008421011306532,0.352734375,0.5867187500000001,0.752734375,0.94921875,1.0,1.0,0.203125,1.0
1119,199,0.8936871859296482,0.5625,0.57421875,0.69140625,0.826171875,1.0,1.0,0.322265625,1.0
88,190,0.8984760485197368,0.6595703125000001,0.89453125,0.90625,0.9140625,0.9140625,0.92578125,0.07763671875,1.0
12030,187,0.7240767045454546,0.4986328125,0.5078125,0.515625,0.52734375,0.67578125,0.986328125,0.240234375,1.0
6467,187,0.9198800969251337,0.33222656250000004,0.75625,0.8234375,0.95703125,1.0,1.0,0.2392578125,1.0
1030,184,0.8167353091032609,0.49677734375,0.587109375,0.62109375,0.6875,0.85546875,0.96875,0.318359375,1.0
444,184,0.8884914232336957,0.42529296875,0.72109375,0.7478515625,0.7763671875,1.0,1.0,0.359375,1.0
6888,183,0.18982267119193988,0.0249267578125,0.037158203125,0.04384765625,0.0552978515625,0.0712890625,0.1005859375,0.018310546875,1.0
4486,180,0.60634765625,0.515625,0.5234375,0.53125,0.55078125,0.60546875,0.671875,0.392578125,0.75390625
82,177,0.8298905367231638,0.416015625,0.4796875,0.49609375,0.546875,1.0,1.0,0.328125,1.0
3880,176,0.7817160866477273,0.458984375,0.51953125,0.5625,0.6591796875,0.78515625,0.9609375,0.30859375,1.0
89,172,0.9852436864098837,0.984375,0.98828125,0.98828125,1.0,1.0,1.0,0.1337890625,1.0
518,172,0.8464412245639535,0.43896484375,0.567578125,0.6128906249999999,0.73046875,0.955078125,1.0,0.27734375,1.0
1033,172,0.8909259175145349,0.5882812500000001,0.6796875,0.73046875,0.8349609375,0.953125,1.0,0.2353515625,1.0
5,170,0.8656393612132353,0.47236328125000004,0.58203125,0.7357421875,0.8095703125,0.919921875,1.0,0.12255859375,1.0
3039,169,0.9456129807692307,0.6875,0.771875,0.83046875,0.9609375,1.0,1.0,0.52734375,1.0
8756,168,0.9393368675595238,0.651171875,0.773828125,0.8328125,0.953125,1.0,1.0,0.44921875,1.0
990,167,0.6267835422904192,0.35859375,0.3703125,0.380859375,0.3974609375,0.546875,0.853515625,0.2216796875,1.0
2003,167,0.9136765531437125,0.591015625,0.70234375,0.800390625,0.896484375,0.97265625,1.0,0.306640625,1.0
806,166,0.8758706701807228,0.49560546875,0.568359375,0.669921875,0.810546875,0.953125,1.0,0.291015625,1.0
2701,166,0.4424416415662651,0.2734375,0.296875,0.310546875,0.34619140625,0.3828125,0.423828125,0.1982421875,1.0
6599,164,0.9292944931402439,0.7697265625,0.87109375,0.88671875,0.9091796875,0.953125,1.0,0.32421875,1.0
1156,164,0.8740353467987805,0.5005859375,0.61953125,0.6640625,0.77734375,0.9609375,1.0,0.2734375,1.0
2849,162,0.9065031828703703,0.59375,0.64609375,0.7373046875,0.853515625,1.0,1.0,0.412109375,1.0
1635,160,0.95748291015625,0.6599609375,0.831640625,0.9564453125,0.9833984375,1.0,1.0,0.412109375,1.0
4292,159,0.7814219732704403,0.5703125,0.6203125,0.627734375,0.673828125,0.734375,0.94140625,0.50390625,1.0
362,158,0.806356309335443,0.323046875,0.3615234375,0.48681640625,0.630859375,0.94140625,1.0,0.17578125,1.0
16302,151,0.9555049668874173,0.716796875,0.83203125,0.921875,0.966796875,1.0,1.0,0.42578125,1.0
69315,148,0.9132179054054054,0.75390625,0.791015625,0.796875,0.796875,1.0,1.0,0.75390625,1.0
8886,148,0.7841664907094594,0.34443359375,0.444140625,0.5361328125,0.615234375,0.84765625,1.0,0.2431640625,1.0
3757,148,0.746387378589527,0.0520263671875,0.065771484375,0.1396484375,0.5546875,0.990234375,1.0,0.030029296875,1.0
1526,148,0.6407767630912162,0.28515625,0.3099609375,0.36142578125,0.5458984375,0.59375,0.791015625,0.2431640625,1.0
6558,147,0.9526599702380952,0.546875,0.903125,0.9515625,1.0,1.0,1.0,0.431640625,1.0
1059,147,0.8725818452380952,0.5378906250000001,0.60859375,0.6515625,0.779296875,0.9609375,1.0,0.3671875,1.0
1416,145,0.6687971443965517,0.2435546875,0.333203125,0.394921875,0.5,0.66015625,0.8828125,0.1484375,1.0
437,145,0.40674838362068966,0.34375,0.353515625,0.365234375,0.400390625,0.412109375,0.421875,0.3203125,0.53125
29812,145,0.8898302801724138,0.391796875,0.67734375,0.73515625,0.8359375,0.98046875,1.0,0.330078125,1.0
572,144,0.8309461805555556,0.47978515625,0.562890625,0.62109375,0.7294921875,0.86328125,1.0,0.390625,1.0
1380,144,0.9358317057291666,0.5138671875,0.789453125,0.8767578125,0.93359375,1.0,1.0,0.341796875,1.0
6679,142,0.227752255721831,0.142578125,0.14658203125,0.15234375,0.155517578125,0.1689453125,0.200927734375,0.1376953125,1.0
1221,141,0.7513020833333334,0.39453125,0.439453125,0.49609375,0.52734375,0.80859375,0.9609375,0.2734375,1.0
12034,139,0.9956160071942446,0.97265625,1.0,1.0,1.0,1.0,1.0,0.89453125,1.0
3054,139,0.9324274955035972,0.398828125,0.66015625,0.983203125,1.0,1.0,1.0,0.314453125,1.0
27679,135,0.8252314814814815,0.701171875,0.734375,0.74609375,0.76171875,0.8203125,0.90625,0.4375,1.0
13934,131,0.7406592915076335,0.26953125,0.3671875,0.4560546875,0.515625,0.87890625,0.91015625,0.2197265625,1.0
2376,131,0.9249463263358778,0.546875,0.65234375,0.744140625,0.94140625,1.0,1.0,0.46484375,1.0
1249,128,0.8964385986328125,0.823046875,0.834765625,0.8478515625,0.8671875,0.8984375,0.9501953125,0.341796875,1.0
7,128,0.8657379150390625,0.3626953125,0.6226562500000001,0.6919921875,0.8359375,0.9453125,1.0,0.287109375,1.0
16588,128,0.7202529907226562,0.5404296875,0.580859375,0.640625,0.65234375,0.67578125,0.8046875,0.205078125,1.0
7049,125,0.845671875,0.5390625,0.596875,0.65859375,0.70703125,0.90625,1.0,0.27734375,1.0
10917,124,0.9006268901209677,0.512890625,0.615625,0.702734375,0.8759765625,1.0,1.0,0.30078125,1.0
2075,123,0.6902867759146342,0.3466796875,0.3796875,0.50234375,0.69140625,0.7265625,0.751953125,0.208984375,1.0
6460,122,0.9050012807377049,0.621875,0.71640625,0.75625,0.833984375,0.96875,1.0,0.50390625,1.0
24805,122,0.991851306352459,1.0,1.0,1.0,1.0,1.0,1.0,0.462890625,1.0
7391,121,0.8377130681818182,0.453125,0.515625,0.59765625,0.73828125,0.921875,1.0,0.30859375,1.0
10788,120,0.836669921875,0.4912109375,0.550390625,0.6009765625,0.7099609375,0.919921875,1.0,0.314453125,1.0
274,118,0.6413739737817796,0.05883789062500001,0.34609375000000003,0.39970703125,0.5234375,0.646484375,0.7578125,0.0361328125,1.0
5109,117,0.6923828125,0.198828125,0.24921875,0.29843749999999986,0.482421875,0.73828125,1.0,0.177734375,1.0
1105,117,0.8516626602564102,0.55390625,0.56484375,0.62265625,0.71875,0.92578125,1.0,0.353515625,1.0
2086,116,0.9048188308189655,0.572265625,0.7265625,0.755859375,0.8515625,0.962890625,1.0,0.435546875,1.0
24768,115,0.8575067934782609,0.51953125,0.5390625,0.55078125,0.5703125,1.0,1.0,0.466796875,1.0
738,114,0.8027857730263158,0.40419921875,0.41796875,0.42568359375,0.6357421875,0.892578125,1.0,0.1357421875,1.0
9141,114,0.998046875,1.0,1.0,1.0,1.0,1.0,1.0,0.77734375,1.0
593,113,0.8617948008849557,0.52734375,0.6359375,0.69140625,0.7734375,0.921875,0.9453125,0.416015625,1.0
5312,110,0.8586026278409091,0.35830078125,0.5843750000000001,0.6455078124999999,0.7431640625,1.0,1.0,0.2392578125,1.0
3015,110,0.924609375,0.6181640625,0.72265625,0.80078125,0.9384765625,1.0,1.0,0.283203125,1.0
7541,110,0.9346590909090909,0.59609375,0.839453125,0.881640625,0.9501953125,1.0,1.0,0.240234375,1.0
6252,110,0.9359907670454546,0.6123046875,0.762890625,0.8671875,0.9609375,1.0,1.0,0.2734375,1.0
7571,108,0.8649450231481481,0.46572265625000003,0.501953125,0.5642578125000001,0.7705078125,1.0,1.0,0.220703125,1.0
293,108,0.9806857638888888,0.8912109375,0.953515625,0.977734375,1.0,1.0,1.0,0.578125,1.0
6010,105,0.7790364583333333,0.44296875,0.4765625,0.515625,0.65625,0.81640625,0.953125,0.400390625,1.0
8726,105,0.31356026785714286,0.1564453125,0.158203125,0.1591796875,0.1611328125,0.177734375,0.306640625,0.1533203125,1.0
1181,103,0.892066140776699,0.62109375,0.62109375,0.6796875,0.81640625,0.9765625,1.0,0.52734375,1.0
1042,103,0.8802336165048543,0.4873046875,0.53828125,0.71484375,0.82421875,0.97265625,1.0,0.32421875,1.0
6088,102,0.8352290134803921,0.45654296875,0.5484375,0.6025390624999999,0.6669921875,0.93359375,1.0,0.357421875,1.0
47,102,0.6548713235294118,0.25341796875,0.310546875,0.36748046875,0.40478515625,0.677734375,0.9052734375,0.2080078125,1.0
22879,102,0.8621706495098039,0.50859375,0.726953125,0.7466796875,0.859375,0.9140625,0.9365234375,0.353515625,1.0
9334,100,0.9175390625,0.6416015625,0.7375,0.7845703125,0.8662109375,0.9765625,1.0,0.5,1.0
633,97,0.8458038015463918,0.396484375,0.52109375,0.6453125,0.77734375,0.9453125,1.0,0.1865234375,1.0
1913,97,0.849609375,0.45156250000000003,0.53828125,0.603125,0.7109375,0.953125,1.0,0.34375,1.0
3084,97,0.8230911726804123,0.484375,0.56875,0.5875,0.69921875,0.890625,1.0,0.341796875,1.0
11625,97,0.9621657538659794,0.72890625,0.9812500000000001,1.0,1.0,1.0,1.0,0.296875,1.0
13007,95,0.8993935032894737,0.45742187500000003,0.5390625,0.750390625,0.89453125,1.0,1.0,0.1748046875,1.0
9331,95,0.922203947368421,0.64296875,0.6734375,0.80078125,0.9375,1.0,1.0,0.205078125,1.0
2310,95,0.9483552631578948,0.698046875,0.7921875,0.9078125,0.95703125,1.0,1.0,0.54296875,1.0
825,94,0.8125,0.49208984375,0.53125,0.6130859375,0.6416015625,0.8671875,1.0,0.318359375,1.0
15277,92,0.6900050951086957,0.4318359375,0.508203125,0.5390625,0.5888671875,0.681640625,0.8046875,0.333984375,1.0
748,92,0.8133916440217391,0.558984375,0.62109375,0.65234375,0.73046875,0.77734375,1.0,0.404296875,1.0
1281,91,0.8660928914835165,0.5,0.61328125,0.67578125,0.751953125,0.95703125,1.0,0.314453125,1.0
2254,90,0.8819444444444444,0.5755859375,0.666015625,0.75,0.7822265625,0.953125,1.0,0.439453125,1.0
38031,90,0.7224609375,0.59375,0.59375,0.62109375,0.62109375,0.65234375,0.75390625,0.45703125,1.0
37263,89,0.6379696278089888,0.178125,0.183984375,0.1962890625,0.263671875,0.65234375,1.0,0.1630859375,1.0
37102,89,0.8505091292134831,0.56640625,0.6125,0.6546875,0.734375,0.90234375,1.0,0.412109375,1.0
2518,88,0.9207985617897727,0.5576171875,0.673828125,0.7802734374999999,0.9501953125,1.0,1.0,0.2041015625,1.0
13060,88,0.5233487215909091,0.33291015625000003,0.3515625,0.37187499999999996,0.41650390625,0.462890625,0.4970703125,0.30859375,1.0
5106,87,0.8088182471264368,0.546875,0.5625,0.59375,0.65234375,0.86328125,0.953125,0.4296875,1.0
15058,86,0.9913699127906976,0.955078125,0.966796875,0.9755859375,0.9853515625,1.0,1.0,0.91015625,1.0
8153,85,0.6861557904411765,0.220703125,0.2416015625,0.266015625,0.458984375,0.67578125,1.0,0.18359375,1.0
6303,85,0.9048483455882353,0.5046875,0.5921875,0.7015625,0.93359375,1.0,1.0,0.1455078125,1.0
1216,85,0.8392807904411764,0.7,0.71640625,0.725,0.734375,0.76953125,1.0,0.2216796875,1.0
3311,84,0.7911783854166666,0.493359375,0.5140625,0.5625,0.59765625,0.833984375,0.9775390625,0.46484375,1.0
2176,83,0.9177099021084337,0.778515625,0.796875,0.796875,0.81640625,1.0,1.0,0.322265625,1.0
18805,82,0.9154677972560976,0.59375,0.670703125,0.8126953125,0.900390625,1.0,1.0,0.275390625,1.0
9666,81,0.9035493827160493,0.62109375,0.64453125,0.76953125,0.84375,0.98046875,1.0,0.291015625,1.0
37906,81,0.7468894675925926,0.38671875,0.4921875,0.494140625,0.70703125,0.77734375,0.8515625,0.310546875,1.0
14924,80,0.9492431640625,0.7052734375,0.860546875,0.932421875,0.9716796875,1.0,1.0,0.34765625,1.0
6551,80,0.8109619140625,0.5189453125,0.55625,0.59375,0.6376953125,0.85546875,0.9814453125,0.41015625,1.0
9664,77,0.810343952922078,0.442578125,0.5671875,0.596875,0.6640625,0.8203125,1.0,0.318359375,1.0
263,77,0.8600344967532467,0.5390625,0.66796875,0.80234375,0.81640625,0.875,0.96875,0.3671875,1.0
5138,76,0.8994654605263158,0.431640625,0.4521484375,0.482421875,0.9716796875,1.0,1.0,0.41015625,1.0
1449,75,0.76046875,0.4474609375,0.49296875,0.558984375,0.61328125,0.75390625,0.947265625,0.359375,1.0
1431,75,0.8077994791666666,0.472265625,0.51953125,0.5625,0.650390625,0.84765625,1.0,0.2177734375,1.0
2661,74,0.748363597972973,0.35341796875000003,0.395703125,0.41728515625,0.578125,0.810546875,0.9609375,0.1767578125,1.0
30,73,0.6885969606164384,0.371484375,0.45,0.4734375,0.498046875,0.6328125,0.9375,0.244140625,1.0
692,72,0.8485785590277778,0.5119140625,0.626171875,0.6560546875,0.7578125,0.896484375,0.984375,0.451171875,1.0
3643,72,0.8253038194444444,0.505078125,0.570703125,0.64140625,0.7099609375,0.87109375,0.96875,0.455078125,1.0
678,72,0.8104926215277778,0.5197265625,0.576171875,0.6388671875,0.7392578125,0.7890625,0.9765625,0.361328125,1.0
2014,72,0.5672471788194444,0.21787109375,0.244140625,0.28125,0.3232421875,0.4501953125,0.9404296875,0.1630859375,1.0
4990,71,0.8110695422535211,0.5068359375,0.54296875,0.572265625,0.65234375,0.875,1.0,0.318359375,1.0
7354,71,0.902618838028169,0.87890625,0.890625,0.89453125,0.89453125,0.90625,0.90625,0.71875,1.0
28316,71,0.9047782790492958,0.556640625,0.703125,0.7421875,0.87890625,1.0,1.0,0.2431640625,1.0
272,70,0.98515625,0.9431640625,0.94921875,1.0,1.0,1.0,1.0,0.6796875,1.0
23393,69,0.8782835144927537,0.765625,0.7734375,0.78515625,0.78515625,0.953125,0.96875,0.57421875,0.96875
26033,68,0.6304572610294118,0.359375,0.3646484375,0.369140625,0.37890625,0.4091796875,1.0,0.322265625,1.0
1483,67,0.7788013059701493,0.34453125,0.41718750000000004,0.512109375,0.609375,0.83984375,1.0,0.26171875,1.0
944,67,0.8811800373134329,0.3150390625,0.5625,0.646484375,0.89453125,1.0,1.0,0.1611328125,1.0
5005,67,0.7211112406716418,0.3357421875,0.408984375,0.4642578125,0.568359375,0.71875,0.939453125,0.255859375,1.0
49677,66,0.8813624526515151,0.5703125,0.6796875,0.73046875,0.822265625,0.927734375,1.0,0.4375,1.0
5780,66,0.7580492424242424,0.48291015625,0.484375,0.5107421875,0.515625,0.8359375,1.0,0.478515625,1.0
421,66,0.6578332149621212,0.31591796875,0.38671875,0.40966796875,0.45263671875,0.630859375,0.84375,0.177734375,1.0
425,65,0.9079927884615384,0.59921875,0.63046875,0.74921875,0.87890625,1.0,1.0,0.36328125,1.0
882,65,0.8811298076923076,0.5328125,0.6140625,0.69375,0.80859375,0.96875,1.0,0.435546875,1.0
12590,65,0.9103515625,0.453125,0.63125,0.77578125,0.94140625,1.0,1.0,0.1787109375,1.0
4843,64,0.9168853759765625,0.622265625,0.64140625,0.8298828125,0.94140625,1.0,1.0,0.2353515625,1.0
69480,64,0.938079833984375,0.5057617187500001,0.911328125,0.9548828125,1.0,1.0,1.0,0.2021484375,1.0
5221,63,0.7956969246031746,0.3814453125,0.44453125,0.5453125,0.68359375,0.87890625,0.958984375,0.32421875,1.0
458,63,0.8747829861111112,0.525,0.57421875,0.6546875,0.81640625,0.953125,1.0,0.39453125,1.0
18267,62,0.9608114919354839,0.7765625,0.8375,0.8515625,1.0,1.0,1.0,0.5625,1.0
1865,62,0.7918661794354839,0.44384765625,0.496484375,0.51796875,0.6796875,0.84765625,0.9560546875,0.279296875,1.0
1896,62,0.8689831149193549,0.5255859375,0.633984375,0.655859375,0.7841796875,0.955078125,1.0,0.40234375,1.0
3349,62,0.8132875504032258,0.44306640625,0.503125,0.5759765625,0.65625,0.88671875,1.0,0.373046875,1.0
575,61,0.6890048668032787,0.349609375,0.427734375,0.447265625,0.53515625,0.57421875,1.0,0.32421875,1.0
5828,61,0.9129098360655737,0.4453125,0.7421875,0.8046875,0.8984375,1.0,1.0,0.419921875,1.0
8704,60,0.6490234375,0.249658203125,0.31640625,0.36494140625,0.4736328125,0.66796875,0.845703125,0.2314453125,1.0
17018,60,0.8645182291666667,0.5931640625,0.64921875,0.65234375,0.7001953125,1.0,1.0,0.54296875,1.0
1283,60,0.8309244791666667,0.33564453125,0.583203125,0.6009765625,0.69921875,0.939453125,1.0,0.302734375,1.0
5555,60,0.8835611979166667,0.544140625,0.64921875,0.682421875,0.7998046875,1.0,1.0,0.451171875,1.0
25334,60,0.9080078125,0.7921875,0.80390625,0.81640625,0.8427734375,0.93359375,0.962890625,0.6796875,1.0
1969,60,0.769140625,0.628515625,0.62890625,0.6791015625,0.7138671875,0.796875,0.8359375,0.5625,1.0
6696,59,0.7181375794491526,0.27919921875000003,0.37226562500000004,0.409765625,0.4404296875,0.8203125,0.98046875,0.19140625,1.0
49531,59,0.8063426906779662,0.4771484375,0.5296875,0.557421875,0.630859375,0.90625,1.0,0.3125,1.0
10244,57,0.8599832099780702,0.0892578125,0.1390625,0.76875,1.0,1.0,1.0,0.0654296875,1.0
24017,57,0.8659710800438597,0.1951171875,0.4113281250000001,0.6742187500000001,0.84375,1.0,1.0,0.125,1.0
25839,57,0.7712102521929824,0.428515625,0.487890625,0.53125,0.59765625,0.7578125,0.96875,0.37109375,1.0
536,57,0.8399808114035088,0.4546875,0.491015625,0.6140625,0.78125,0.9140625,1.0,0.2421875,1.0
2750,57,0.7759388706140351,0.60859375,0.63515625,0.646875,0.66796875,0.75,0.8671875,0.294921875,1.0
1140,57,0.6559073464912281,0.1845703125,0.191796875,0.2484375,0.369140625,0.6796875,1.0,0.1796875,1.0
2379,56,0.7465122767857143,0.34326171875,0.3818359375,0.4248046875,0.5390625,0.828125,1.0,0.30859375,1.0
19654,56,0.9203752790178571,0.609375,0.6875,0.796875,0.890625,1.0,1.0,0.478515625,1.0
3745,55,0.8637784090909091,0.5046875000000001,0.609375,0.637109375,0.76171875,0.96484375,1.0,0.185546875,1.0
26553,54,0.6255063657407407,0.54365234375,0.585546875,0.59765625,0.6064453125,0.62109375,0.65625,0.43359375,0.77734375
7411,54,0.8665093315972222,0.4341796875,0.59296875,0.666796875,0.8251953125,0.9609375,1.0,0.09423828125,1.0
1141,54,0.8383246527777778,0.6392578125,0.66015625,0.6677734375,0.6875,0.8671875,1.0,0.59765625,1.0
2841,54,0.8777669270833334,0.44267578125,0.540234375,0.6712890625,0.869140625,1.0,1.0,0.0732421875,1.0
29595,53,0.8818543632075472,0.5421875,0.6578125,0.71484375,0.84375,0.9609375,1.0,0.1640625,1.0
15303,53,0.8168116155660378,0.47109375,0.5578125,0.58828125,0.6875,0.8515625,1.0,0.423828125,1.0
705,52,0.8118990384615384,0.527734375,0.53671875,0.5859375,0.59375,0.857421875,1.0,0.5,1.0
96338,52,0.9360727163461539,0.6259765625,0.828515625,0.8513671875,0.9541015625,1.0,1.0,0.34375,1.0
1558,51,0.8985523897058824,0.591796875,0.69140625,0.763671875,0.900390625,0.93359375,1.0,0.40234375,1.0
1096,51,0.7977175245098039,0.32421875,0.40234375,0.51953125,0.716796875,0.8515625,1.0,0.283203125,1.0
34254,51,0.9273897058823529,0.66796875,0.69921875,0.87109375,0.919921875,0.98046875,1.0,0.37109375,1.0
8329,50,0.911015625,0.632421875,0.7640625,0.7818359375,0.8701171875,0.95703125,1.0,0.482421875,1.0
1513,50,0.8102734375,0.5712890625,0.691015625,0.70703125,0.73046875,0.794921875,0.931640625,0.173828125,1.0
50122,50,0.93890625,0.6884765625,0.76484375,0.84140625,0.95703125,1.0,1.0,0.50390625,1.0
7171,50,0.8083203125,0.47861328125,0.5234375,0.549609375,0.6533203125,0.86328125,1.0,0.416015625,1.0
2870,50,0.55185546875,0.179736328125,0.2908203125,0.32822265625,0.38623046875,0.4755859375,0.8173828125,0.16015625,1.0
77778,50,0.93818359375,0.6017578125,0.7765625,0.9443359375,0.9765625,1.0,1.0,0.0966796875,1.0
2684,50,0.7694921875,0.4978515625,0.510546875,0.515625,0.6318359375,0.7890625,0.9345703125,0.455078125,1.0
3721,49,0.9520089285714286,0.7140625,0.8601562500000001,0.95546875,1.0,1.0,1.0,0.27734375,1.0
6144,49,0.8824139030612245,0.512109375,0.55703125,0.6390625,0.77734375,1.0,1.0,0.248046875,1.0
14697,49,0.9477040816326531,0.77578125,0.821875,0.8664062499999999,0.9453125,1.0,1.0,0.59375,1.0
10238,48,0.5078125,0.4560546875,0.47265625,0.4767578125,0.4912109375,0.5078125,0.537109375,0.171875,0.6015625
4227,47,0.6210106382978723,0.5,0.5,0.5,0.5,0.5625,0.6015625,0.5,1.0
1752,47,0.7321517619680851,0.19140625,0.19609375,0.25361328125,0.498046875,0.84375,1.0,0.1865234375,1.0
4231,46,0.8796280570652174,0.533203125,0.59765625,0.64453125,0.8232421875,0.974609375,1.0,0.41796875,1.0
3076,46,0.6452105978260869,0.2294921875,0.23828125,0.25390625,0.27001953125,0.716796875,0.9013671875,0.205078125,1.0
4780,46,0.9064198369565217,0.5947265625,0.6796875,0.7509765625,0.8671875,0.99609375,1.0,0.40234375,1.0
12756,45,0.758203125,0.39296875,0.521875,0.59765625,0.6796875,0.75390625,0.953125,0.248046875,1.0
25374,45,0.8846354166666667,0.64453125,0.68125,0.72109375,0.79296875,0.93359375,1.0,0.23828125,1.0
356,45,0.9261501736111111,0.6421875,0.73046875,0.81171875,0.95703125,1.0,1.0,0.1181640625,1.0
76833,44,0.6660600142045454,0.5005859375,0.50625,0.5251953125,0.53515625,0.599609375,0.7392578125,0.287109375,1.0
11995,44,0.8323863636363636,0.703125,0.71328125,0.71875,0.728515625,0.771484375,1.0,0.6796875,1.0
3695,43,0.8834484011627907,0.551953125,0.59921875,0.6796875,0.8203125,0.9609375,1.0,0.51171875,1.0
1293,43,0.9007085755813954,0.621484375,0.6453125,0.708203125,0.84375,0.96875,1.0,0.5546875,1.0
1435,43,0.8614643895348837,0.565625,0.63203125,0.691015625,0.81640625,0.92578125,0.984375,0.203125,1.0
248,43,0.9925508720930233,1.0,1.0,1.0,1.0,1.0,1.0,0.6796875,1.0
1753,43,0.8678234011627907,0.615234375,0.66328125,0.6796875,0.716796875,0.94140625,1.0,0.5625,1.0
10,42,0.853515625,0.62265625,0.65234375,0.6552734375,0.6796875,0.94140625,1.0,0.515625,1.0
67342,42,0.8971819196428571,0.6376953125,0.680859375,0.7404296874999999,0.8369140625,0.970703125,1.0,0.494140625,1.0
30191,42,0.9330822172619048,0.5841796875,0.67421875,0.9166015625,0.96875,1.0,1.0,0.408203125,1.0
9210,42,0.87939453125,0.40078125,0.542578125,0.6775390625,0.873046875,0.984375,1.0,0.2470703125,1.0
3555,42,0.7870628720238095,0.32841796875,0.3746093750000001,0.52578125,0.591796875,1.0,1.0,0.251953125,1.0
1803,42,0.8973214285714286,0.46728515625,0.5882812500000001,0.7705078125,0.8935546875,0.98828125,1.0,0.353515625,1.0
2629,42,0.7321893601190477,0.26689453125,0.31074218750000004,0.37724609374999996,0.60546875,0.796875,0.9208984375,0.244140625,1.0
3594,42,0.9182942708333334,0.5533203125,0.6433593750000001,0.7603515625,0.9228515625,1.0,1.0,0.46484375,1.0
20332,41,0.9368330792682927,0.62109375,0.796875,0.87890625,0.9921875,1.0,1.0,0.236328125,1.0
38763,41,0.8828601371951219,0.51953125,0.6171875,0.67578125,0.796875,0.98046875,1.0,0.474609375,1.0
3593,41,0.625905106707317,0.515625,0.51953125,0.51953125,0.55078125,0.61328125,0.66796875,0.369140625,0.82421875
14201,41,0.944359756097561,0.70703125,0.828125,0.87109375,0.953125,1.0,1.0,0.54296875,1.0
13753,40,0.954296875,0.751171875,0.877734375,0.9265625,0.9794921875,1.0,1.0,0.33984375,1.0
1790,40,0.924609375,0.6634765625,0.7140625,0.840234375,0.8818359375,1.0,1.0,0.33984375,1.0
4636,40,0.707958984375,0.31552734375,0.3689453125,0.42900390625,0.54736328125,0.748046875,0.9599609375,0.205078125,1.0
1084,40,0.743994140625,0.3251953125,0.38203125,0.48046875,0.5302734375,0.75390625,1.0,0.28515625,1.0
63759,40,0.82646484375,0.5642578125,0.57421875,0.63671875,0.7353515625,0.859375,0.962890625,0.40625,1.0
3867,40,0.8208984375,0.4333984375,0.5726562500000001,0.63359375,0.748046875,0.8515625,0.974609375,0.3125,1.0
5274,40,0.907177734375,0.6068359375,0.669921875,0.803515625,0.8974609375,1.0,1.0,0.205078125,1.0
4916,39,0.8891726762820513,0.4755859375,0.6531250000000001,0.6984375,0.841796875,1.0,1.0,0.29296875,1.0
3855,39,0.7622195512820513,0.4673828125,0.55625,0.5625,0.626953125,0.77734375,0.90625,0.349609375,1.0
21749,39,0.8510616987179487,0.573046875,0.65859375,0.6734375,0.69140625,0.92578125,1.0,0.53125,1.0
8180,39,0.891426282051282,0.572265625,0.66171875,0.70859375,0.837890625,0.95703125,1.0,0.55078125,1.0
17331,39,0.9171173878205128,0.542578125,0.56328125,0.830078125,0.96875,0.98828125,1.0,0.470703125,1.0
3198,39,0.9484675480769231,0.724609375,0.8289062500000001,0.873046875,0.978515625,1.0,1.0,0.474609375,1.0
659,38,0.7535978618421053,0.43017578125,0.4529296875,0.4865234375,0.5478515625,0.826171875,1.0,0.2890625,1.0
8968,38,0.8048930921052632,0.34912109375,0.4619140625,0.5326171875,0.630859375,0.90625,1.0,0.3203125,1.0
20403,38,0.8642064144736842,0.4748046875,0.618359375,0.687890625,0.7958984375,0.96484375,1.0,0.3203125,1.0
294,38,0.8562911184210527,0.6947265625,0.71015625,0.727734375,0.783203125,0.8125,1.0,0.6484375,1.0
9898,37,0.8484744510135135,0.2716796875,0.409765625,0.58671875,0.83984375,0.96875,1.0,0.181640625,1.0
2953,37,0.8613809121621622,0.427734375,0.468359375,0.49570312499999997,0.81640625,1.0,1.0,0.357421875,1.0
6486,37,0.9263619087837838,0.70234375,0.77421875,0.80625,0.84375,1.0,1.0,0.470703125,1.0
31155,37,0.7471494932432432,0.4234375,0.4640625,0.493359375,0.58984375,0.796875,0.91015625,0.34375,1.0
5461,36,0.9231770833333334,0.6669921875,0.703125,0.8349609375,0.8984375,0.9921875,1.0,0.4765625,1.0
1007,36,0.8351779513888888,0.48193359375,0.58984375,0.6318359375,0.693359375,0.91796875,1.0,0.365234375,1.0
326,36,0.9042426215277778,0.4248046875,0.57421875,0.7138671875,1.0,1.0,1.0,0.291015625,1.0
84038,36,0.9581163194444444,0.767578125,0.908203125,0.943359375,0.9599609375,1.0,1.0,0.54296875,1.0
862,36,0.9089626736111112,0.6123046875,0.66015625,0.8125,0.8779296875,0.9765625,1.0,0.45703125,1.0
10779,36,0.8883463541666666,0.6396484375,0.66796875,0.697265625,0.8095703125,0.955078125,1.0,0.58203125,1.0
11044,36,0.7750922309027778,0.17529296875,0.24072265625,0.2783203125,0.7021484375,0.9375,1.0,0.03125,1.0
902,35,0.8897321428571429,0.77265625,0.78125,0.78515625,0.798828125,0.83203125,1.0,0.76171875,1.0
6816,35,0.9029017857142857,0.5068359375,0.6671875,0.744921875,0.8515625,1.0,1.0,0.416015625,1.0
26376,35,0.9165178571428572,0.648046875,0.7585937500000001,0.799609375,0.880859375,0.9765625,1.0,0.44921875,1.0
4755,35,0.90234375,0.47578125,0.5953125,0.74765625,0.9140625,1.0,1.0,0.34765625,1.0
8653,35,0.13583984375,0.077490234375,0.08125,0.0837890625,0.08935546875,0.0947265625,0.125244140625,0.06396484375,1.0
12348,35,0.8380580357142857,0.455078125,0.5171875,0.5792968749999999,0.681640625,0.9609375,1.0,0.29296875,1.0
2906,35,0.8372767857142858,0.565234375,0.59453125,0.67265625,0.69921875,0.89453125,1.0,0.48828125,1.0
6118,35,0.9279854910714286,0.44238281250000006,0.8015625,0.8640625,1.0,1.0,1.0,0.2431640625,1.0
5802,35,0.9171316964285714,0.61875,0.7296875,0.762109375,0.92578125,0.98828125,1.0,0.294921875,1.0
476,35,0.6559151785714286,0.290625,0.31796875,0.326171875,0.36328125,0.64453125,0.96875,0.189453125,1.0
35570,35,0.9454241071428572,0.61953125,0.8617187500000001,0.940625,0.990234375,1.0,1.0,0.30078125,1.0
19423,34,0.9321001838235294,0.638671875,0.737890625,0.8193359375,0.9736328125,1.0,1.0,0.4765625,1.0
49296,34,0.8777286305147058,0.38051757812500003,0.5765625,0.65390625,0.8515625,0.990234375,1.0,0.21875,1.0
49442,34,0.8723000919117647,0.55478515625,0.65234375,0.7080078125,0.7607421875,0.943359375,1.0,0.48046875,1.0
16217,33,0.9248934659090909,0.7125,0.78515625,0.83203125,0.9140625,0.96875,1.0,0.486328125,1.0
501,33,0.8542702414772727,0.375,0.64609375,0.67734375,0.73828125,1.0,1.0,0.11669921875,1.0
7640,33,0.8992069128787878,0.56796875,0.67265625,0.75703125,0.77734375,1.0,1.0,0.427734375,1.0
550,33,0.9431226325757576,0.65703125,0.8,0.89375,0.96875,1.0,1.0,0.470703125,1.0
7801,33,0.7769294507575758,0.44921875,0.53671875,0.54609375,0.6484375,0.796875,0.984375,0.326171875,1.0
1349,33,0.7894767992424242,0.45546875,0.5125,0.553125,0.63671875,0.8359375,1.0,0.375,1.0
2686,33,0.8541074810606061,0.368359375,0.5015625,0.5890625,0.8125,0.9609375,1.0,0.30859375,1.0
2291,33,0.8070549242424242,0.51171875,0.5609375,0.5953125,0.64453125,0.87890625,0.98828125,0.462890625,1.0
2525,33,0.922170928030303,0.5125,0.665625,0.85,0.95703125,1.0,1.0,0.412109375,1.0
3859,32,0.32354736328125,0.221435546875,0.24013671875,0.25947265625,0.27294921875,0.3291015625,0.35546875,0.205078125,0.453125
1682,32,0.8896484375,0.559375,0.664453125,0.7060546875,0.802734375,1.0,1.0,0.296875,1.0
16548,32,0.8685302734375,0.53984375,0.618359375,0.6640625,0.751953125,0.974609375,1.0,0.53125,1.0
897,32,0.8856201171875,0.674609375,0.719921875,0.79140625,0.8486328125,0.8671875,1.0,0.58203125,1.0
2613,32,0.89373779296875,0.5083984375,0.65078125,0.7374999999999999,0.8427734375,1.0,1.0,0.197265625,1.0
5301,31,0.7477318548387096,0.388671875,0.423828125,0.455078125,0.607421875,0.796875,0.92578125,0.2578125,1.0
573,31,0.9143775201612904,0.4423828125,0.69140625,0.74609375,0.98828125,1.0,1.0,0.34375,1.0
2083,31,0.9231980846774194,0.658203125,0.796875,0.853515625,0.9296875,0.95703125,1.0,0.486328125,1.0
2732,31,0.7736265120967742,0.29150390625,0.359375,0.4150390625,0.697265625,0.80078125,1.0,0.1669921875,1.0
8474,31,0.5504032258064516,0.53125,0.53125,0.53125,0.53125,0.53125,0.5625,0.53125,0.59375
965,31,0.973664314516129,0.857421875,0.91015625,0.947265625,0.974609375,1.0,1.0,0.76171875,1.0
48038,31,0.9242691532258065,0.6484375,0.796875,0.83984375,0.890625,0.9765625,1.0,0.57421875,1.0
4238,31,0.8136340725806451,0.458984375,0.478515625,0.5400390625,0.6640625,0.8515625,0.98828125,0.37109375,1.0
64,31,0.8392767137096774,0.58984375,0.60546875,0.62890625,0.669921875,0.9609375,1.0,0.322265625,1.0
10615,31,0.9175907258064516,0.44140625,0.71875,0.728515625,0.99609375,1.0,1.0,0.421875,1.0
6801,31,0.7292086693548387,0.427734375,0.5,0.5234375,0.59765625,0.76171875,0.88671875,0.29296875,1.0
12408,30,0.9229166666666667,0.671484375,0.729296875,0.7765625,0.890625,1.0,1.0,0.45703125,1.0
3951,30,0.8873046875,0.5130859375,0.523046875,0.5933593749999999,0.89453125,0.986328125,1.0,0.427734375,1.0
12038,30,0.468798828125,0.09025878906250001,0.122705078125,0.1240478515625,0.128173828125,0.20703125,1.0,0.048828125,1.0
13214,30,0.8688802083333333,0.532421875,0.6433593750000001,0.6796875,0.7578125,0.970703125,1.0,0.48828125,1.0
28242,30,0.8615885416666667,0.6796875,0.6796875,0.6796875,0.6865234375,0.93359375,1.0,0.65234375,1.0
1188,30,0.6200520833333333,0.378515625,0.507421875,0.515625,0.5166015625,0.60546875,0.703125,0.265625,1.0
28,30,0.8481119791666667,0.6101562500000001,0.7015625,0.70859375,0.7607421875,0.88671875,0.9375,0.349609375,1.0
4680,30,0.8244140625,0.50673828125,0.5859375,0.6185546875,0.69921875,0.88671875,1.0,0.3359375,1.0
700,30,0.8903645833333333,0.7453125,0.757421875,0.7724609375,0.8046875,0.87109375,1.0,0.6640625,1.0
4396,30,0.7361979166666667,0.53125,0.5453125,0.5591796875,0.62109375,0.6953125,0.876953125,0.45703125,1.0
4278,30,0.7891276041666667,0.38857421875,0.4724609375,0.5873046875,0.6328125,0.82421875,0.9609375,0.34375,1.0
1035,30,0.7596354166666667,0.32216796875000003,0.3822265625,0.5380859374999999,0.73046875,0.8125,0.8955078125,0.248046875,1.0
58,29,0.6817753232758621,0.41015625,0.487890625,0.515625,0.52734375,0.6015625,1.0,0.3359375,1.0
13041,29,0.8527747844827587,0.474609375,0.61875,0.65703125,0.7421875,0.953125,1.0,0.361328125,1.0
3753,29,0.8251616379310345,0.5300781250000001,0.6171875,0.64453125,0.71875,0.89453125,0.9609375,0.314453125,1.0
16327,29,0.9296875,0.8390625,0.84375,0.8515625,0.8515625,1.0,1.0,0.8359375,1.0
3123,29,0.8450969827586207,0.44257812500000004,0.60390625,0.65546875,0.75390625,0.953125,1.0,0.283203125,1.0
281,29,0.9810075431034483,0.8640625,0.9500000000000001,0.965625,1.0,1.0,1.0,0.80078125,1.0
1988,29,0.41908001077586204,0.18046875,0.181640625,0.1830078125,0.1884765625,0.38671875,0.5078125,0.1767578125,1.0
7014,28,0.9049944196428571,0.573046875,0.6546875,0.7212890625,0.8876953125,0.970703125,1.0,0.4453125,1.0
1455,28,0.982421875,0.8994140625,0.996484375,1.0,1.0,1.0,1.0,0.66796875,1.0
3040,28,0.9019252232142857,0.570703125,0.6433593750000001,0.7048828125,0.849609375,1.0,1.0,0.484375,1.0
16340,28,0.5403529575892857,0.240283203125,0.2435546875,0.24521484375,0.251953125,0.470703125,0.8515625,0.232421875,1.0
1685,28,1.0,1.0,1.0,1.0,1.0,1.0,1.0,1.0,1.0
3110,28,0.9581473214285714,0.9181640625,0.92578125,0.92578125,0.92578125,1.0,1.0,0.359375,1.0
5711,28,0.7250627790178571,0.34951171875,0.3765625,0.47080078125,0.5263671875,0.826171875,0.9130859375,0.2314453125,0.96875
1781,28,0.7678571428571429,0.4669921875,0.5416015625,0.58203125,0.5859375,0.814453125,1.0,0.40234375,1.0
6733,28,0.9285714285714286,0.47890625,0.8230468750000001,0.9533203125,0.9609375,1.0,1.0,0.30078125,1.0
17931,28,0.9702845982142857,0.8568359375,0.867578125,0.953125,0.9697265625,1.0,1.0,0.74609375,1.0
15294,28,0.9222935267857143,0.6033203125,0.694921875,0.82421875,0.9345703125,1.0,1.0,0.44140625,1.0
3220,27,0.8474392361111112,0.545703125,0.62109375,0.66484375,0.75390625,0.8515625,1.0,0.427734375,1.0
5733,27,0.5970775462962963,0.3970703125,0.40078125,0.405859375,0.4111328125,0.48828125,0.724609375,0.35546875,1.0
13530,27,0.8520688657407407,0.53828125,0.5734375,0.59296875,0.666015625,0.95703125,1.0,0.294921875,1.0
1697,27,0.8198061342592593,0.482421875,0.60078125,0.6734375,0.7265625,0.87890625,0.9296875,0.404296875,1.0
12771,27,0.7264901620370371,0.4314453125,0.4703125,0.487890625,0.544921875,0.69921875,0.9453125,0.40625,1.0
11192,27,0.9040798611111112,0.538671875,0.67265625,0.746875,0.875,1.0,1.0,0.3671875,1.0
92866,27,0.9526186342592593,0.63671875,0.92734375,0.95703125,0.986328125,1.0,1.0,0.451171875,1.0
3607,27,0.869140625,0.4525390625,0.5328125,0.64140625,0.849609375,0.95703125,1.0,0.4140625,1.0
3776,27,0.8271846064814815,0.4552734375,0.4984375,0.571484375,0.685546875,0.95703125,1.0,0.3125,1.0
33420,27,0.9074797453703703,0.48046875,0.64296875,0.66015625,0.962890625,1.0,1.0,0.365234375,1.0
1786,26,1.0,1.0,1.0,1.0,1.0,1.0,1.0,1.0,1.0
23268,26,0.9417818509615384,0.796875,0.806640625,0.86328125,0.93359375,1.0,1.0,0.451171875,1.0
912,26,0.8551682692307693,0.48193359375,0.736328125,0.83984375,0.8681640625,0.8828125,0.89453125,0.427734375,1.0
25904,26,0.9498197115384616,0.7041015625,0.84375,0.9248046875,0.9697265625,1.0,1.0,0.546875,1.0
729,26,0.7759164663461539,0.279052734375,0.3974609375,0.4609375,0.6005859375,0.953125,1.0,0.2001953125,1.0
30306,26,0.8218900240384616,0.51123046875,0.587890625,0.619140625,0.677734375,0.841796875,1.0,0.41015625,1.0
10856,26,0.9020432692307693,0.5703125,0.63671875,0.7822265625,0.8701171875,0.98046875,1.0,0.49609375,1.0
4766,26,0.7336237980769231,0.4716796875,0.4814453125,0.50439453125,0.556640625,0.775390625,0.8984375,0.439453125,1.0
7409,26,0.9619891826923077,0.630859375,1.0,1.0,1.0,1.0,1.0,0.50390625,1.0
7589,26,0.8598257211538461,0.5673828125,0.58203125,0.6025390625,0.7509765625,0.947265625,1.0,0.3828125,1.0
50,26,0.8995643028846154,0.359375,0.529296875,0.7783203125,1.0,1.0,1.0,0.291015625,1.0
4389,26,0.7318021334134616,0.122802734375,0.3037109375,0.46923828125,0.5732421875,0.87109375,0.9541015625,0.07080078125,1.0
3460,26,0.9095552884615384,0.591796875,0.68359375,0.734375,0.884765625,0.99609375,1.0,0.51171875,1.0
2669,26,0.6182016225961539,0.159912109375,0.1689453125,0.173583984375,0.17578125,0.73828125,0.9560546875,0.142578125,1.0
879,25,0.780234375,0.341015625,0.4339843750000001,0.55,0.62109375,0.8203125,0.9609375,0.33203125,1.0
21241,25,0.850625,0.56875,0.628125,0.6796875,0.75390625,0.8984375,0.98046875,0.50390625,1.0
8364,25,0.72884765625,0.08164062500000001,0.1015625,0.23515624999999993,0.61328125,0.87109375,1.0,0.06396484375,1.0
6672,25,0.724453125,0.371484375,0.400390625,0.48828124999999994,0.6015625,0.75390625,0.89453125,0.341796875,1.0
1537,25,0.828828125,0.448046875,0.5457031250000001,0.65234375,0.7265625,0.8984375,1.0,0.3984375,1.0
339,25,0.956875,0.7515625,0.8390625,0.88359375,0.97265625,1.0,1.0,0.703125,1.0
7920,25,0.935,0.7265625,0.8078125,0.82890625,0.875,1.0,1.0,0.6875,1.0
422,25,0.920546875,0.5265625,0.690625,0.840625,0.95703125,1.0,1.0,0.443359375,1.0
3363,25,0.675390625,0.4671875,0.4921875,0.4921875,0.515625,0.546875,0.84765625,0.361328125,1.0
16486,25,0.867578125,0.61953125,0.64296875,0.68515625,0.796875,0.93359375,1.0,0.486328125,1.0
5562,25,0.89984375,0.53125,0.71875,0.74921875,0.8671875,0.9765625,1.0,0.431640625,1.0
6176,25,0.93953125,0.54140625,0.7070312500000001,0.94375,1.0,1.0,1.0,0.52734375,1.0
30270,25,0.56546875,0.394921875,0.416015625,0.45,0.494140625,0.546875,0.66796875,0.37109375,0.828125
2382,25,0.96875,0.82734375,0.90390625,0.9578125,0.96875,1.0,1.0,0.75390625,1.0
645,24,0.7867838541666666,0.2951171875,0.4041015625,0.5318359374999999,0.65234375,0.853515625,1.0,0.26171875,1.0
13876,24,0.9306640625,0.61171875,0.663671875,0.8435546875,1.0,1.0,1.0,0.39453125,1.0
14002,24,0.857421875,0.5181640625,0.66796875,0.784375,0.80078125,0.955078125,0.96875,0.34765625,1.0
56658,24,0.8727213541666666,0.56875,0.603125,0.6787109375,0.7421875,0.96484375,1.0,0.44921875,1.0
348,24,0.9077962239583334,0.38222656250000003,0.5398437500000001,0.77421875,1.0,1.0,1.0,0.330078125,1.0
15279,24,0.6039225260416666,0.32900390625,0.33515625,0.33876953125,0.34912109375,0.3779296875,0.970703125,0.32421875,1.0
1008,24,0.8209635416666666,0.539453125,0.596484375,0.6439453125,0.7119140625,0.8515625,0.96875,0.50390625,1.0
40817,24,0.4278157552083333,0.3658203125,0.3720703125,0.3859375,0.4091796875,0.4306640625,0.451171875,0.365234375,0.478515625
3868,24,0.94189453125,0.6595703125,0.804296875,0.875,0.955078125,1.0,1.0,0.578125,1.0
3937,24,0.8863932291666666,0.5591796875,0.60703125,0.7390625,0.8310546875,0.96484375,1.0,0.53125,1.0
14024,24,0.9508463541666666,0.6158203125,0.880859375,0.9650390625,1.0,1.0,1.0,0.4609375,1.0
17899,24,0.8631184895833334,0.486328125,0.591796875,0.6476562499999999,0.8046875,0.958984375,1.0,0.296875,1.0
97397,24,0.853515625,0.37529296875,0.46171875000000007,0.5978515625,0.8232421875,1.0,1.0,0.318359375,1.0
17163,24,0.9464518229166666,0.70234375,0.7996093750000001,0.9388671875,0.9521484375,1.0,1.0,0.578125,1.0
340,23,0.9113451086956522,0.638671875,0.8109375,0.868359375,0.890625,0.94140625,1.0,0.62109375,1.0
33,23,0.7426970108695652,0.28125,0.298828125,0.4271484375,0.6171875,0.75390625,1.0,0.271484375,1.0
11936,23,0.979110054347826,0.955078125,0.978125,1.0,1.0,1.0,1.0,0.59375,1.0
4401,23,0.8508831521739131,0.3392578125,0.37812500000000004,0.53359375,0.830078125,0.984375,1.0,0.298828125,1.0
20972,23,0.9247622282608695,0.6625,0.7296875,0.79453125,0.916015625,1.0,1.0,0.5546875,1.0
60641,23,0.9239979619565217,0.672265625,0.8515625,0.8515625,0.8671875,1.0,1.0,0.494140625,1.0
36342,23,0.6671195652173914,0.4931640625,0.54140625,0.6359375,0.654296875,0.6796875,0.703125,0.486328125,0.765625
15904,23,0.974014945652174,0.88984375,0.9546875,0.964453125,0.990234375,1.0,1.0,0.65234375,1.0
30696,23,0.7567934782608695,0.43203125,0.474609375,0.49140625,0.607421875,0.81640625,0.919921875,0.42578125,1.0
582,23,0.854874320652174,0.4873046875,0.56640625,0.5921875,0.7578125,0.93359375,1.0,0.41796875,1.0
8473,23,0.8727921195652174,0.623046875,0.65390625,0.708203125,0.779296875,0.93359375,0.97265625,0.609375,1.0
59980,22,0.9060724431818182,0.5548828125,0.561328125,0.62578125,0.904296875,1.0,1.0,0.53125,1.0
54236,22,0.9806463068181818,0.877734375,0.93359375,0.9734375,1.0,1.0,1.0,0.80078125,1.0
52291,22,0.7812943892045454,0.11108398437500001,0.3240234375,0.44853515625,0.634765625,0.96484375,1.0,0.080078125,1.0
45166,22,0.8640802556818182,0.4265625,0.5921875,0.633203125,0.7802734375,0.96484375,1.0,0.361328125,1.0
2311,22,0.8192471590909091,0.19501953125000002,0.36074218750000003,0.5787109375,0.705078125,0.953125,1.0,0.158203125,1.0
296,22,0.9170809659090909,0.6021484375,0.6335937500000001,0.81640625,0.86328125,1.0,1.0,0.546875,1.0
11089,22,0.7437855113636364,0.38798828125,0.451953125,0.482421875,0.6220703125,0.7734375,0.9189453125,0.361328125,1.0
19766,22,0.8685191761363636,0.42041015625,0.653515625,0.6669921875,0.8125,1.0,1.0,0.328125,1.0
5395,22,0.9302201704545454,0.6537109375,0.689453125,0.8001953125,0.9404296875,1.0,1.0,0.578125,1.0
5426,22,0.8723366477272727,0.4970703125,0.52421875,0.6173828125,0.7705078125,0.978515625,1.0,0.44921875,1.0
6846,22,0.8897372159090909,0.6310546875,0.67890625,0.746875,0.80859375,0.9609375,1.0,0.546875,1.0
10641,22,0.931640625,0.633984375,0.7468750000000001,0.89453125,0.927734375,1.0,1.0,0.61328125,1.0
12671,22,0.9319957386363636,0.796875,0.799609375,0.8294921875,0.869140625,1.0,1.0,0.578125,1.0
12923,22,0.9383877840909091,0.7140625,0.778515625,0.825390625,0.916015625,1.0,1.0,0.66015625,1.0
16745,22,0.8975497159090909,0.5640625,0.604296875,0.71796875,0.8896484375,0.994140625,1.0,0.4453125,1.0
17988,22,1.0,1.0,1.0,1.0,1.0,1.0,1.0,1.0,1.0
7038,22,0.9840198863636364,0.920703125,0.975390625,1.0,1.0,1.0,1.0,0.7578125,1.0
22601,22,0.875,0.5755859375,0.604296875,0.6318359375,0.76953125,0.984375,1.0,0.453125,1.0
25035,22,0.8821022727272727,0.685546875,0.800390625,0.83203125,0.84375,0.896484375,0.9140625,0.609375,1.0
61,22,0.9011008522727273,0.73984375,0.7703125,0.7791015625,0.796875,0.966796875,1.0,0.62890625,1.0
20118,21,0.6506696428571429,0.37109375,0.4375,0.470703125,0.494140625,0.5546875,0.75390625,0.333984375,1.0
5485,21,0.8536086309523809,0.53125,0.61328125,0.66015625,0.7421875,0.91796875,0.9765625,0.5234375,1.0
34192,21,0.7728794642857143,0.56640625,0.5703125,0.57421875,0.62890625,0.73046875,0.9609375,0.3671875,1.0
7766,21,0.7985491071428571,0.7421875,0.74609375,0.74609375,0.765625,0.78125,0.8203125,0.7421875,1.0
62096,21,0.8526785714285714,0.3984375,0.8515625,0.85546875,0.89453125,0.91015625,0.9140625,0.29296875,0.94140625
9508,21,0.8054315476190477,0.55078125,0.59765625,0.62890625,0.71484375,0.77734375,0.9609375,0.51171875,1.0
835,21,0.9254092261904762,0.6796875,0.77734375,0.81640625,0.9453125,1.0,1.0,0.50390625,1.0
6771,21,0.5142764136904762,0.30078125,0.337890625,0.349609375,0.3828125,0.42578125,0.625,0.2373046875,1.0
24262,21,0.9715401785714286,0.796875,0.8359375,1.0,1.0,1.0,1.0,0.76953125,1.0
1598,21,0.8430059523809523,0.486328125,0.53125,0.53125,0.796875,0.95703125,1.0,0.228515625,1.0
31796,21,0.7970610119047619,0.451171875,0.58984375,0.58984375,0.60546875,0.95703125,1.0,0.435546875,1.0
11372,21,0.8768601190476191,0.58984375,0.58984375,0.75390625,0.79296875,1.0,1.0,0.53125,1.0
11931,21,0.869140625,0.65234375,0.6953125,0.70703125,0.74609375,0.97265625,1.0,0.451171875,1.0
6602,21,0.9215959821428571,0.5390625,0.83984375,0.875,0.9453125,1.0,1.0,0.259765625,1.0
1573,21,0.7832961309523809,0.42578125,0.42578125,0.49609375,0.5625,0.87890625,1.0,0.4140625,1.0
17779,21,0.8621651785714286,0.79296875,0.796875,0.796875,0.80078125,0.81640625,1.0,0.5859375,1.0
5558,21,0.9118303571428571,0.671875,0.72265625,0.73046875,0.90625,0.96484375,1.0,0.63671875,1.0
6,20,0.8578125,0.5662109375,0.615625,0.6708984375,0.7060546875,0.955078125,1.0,0.5625,1.0
77091,20,0.6654296875,0.3904296875,0.4138671875,0.42265625,0.46875,0.669921875,0.8095703125,0.3125,1.0
30232,20,0.644970703125,0.235498046875,0.2626953125,0.2755859375,0.40380859375,0.615234375,1.0,0.2197265625,1.0
5302,20,0.62275390625,0.3193359375,0.3255859375,0.34775390625,0.390625,0.447265625,0.9541015625,0.30078125,1.0
4158,20,0.9224609375,0.6791015625,0.747265625,0.7837890625,0.9423828125,0.974609375,1.0,0.51953125,1.0
9853,20,0.95693359375,0.75576171875,0.928125,0.991796875,1.0,1.0,1.0,0.419921875,1.0
10613,20,0.8755859375,0.644140625,0.6796875,0.71015625,0.794921875,0.921875,0.9853515625,0.63671875,1.0
55814,20,0.82236328125,0.39287109375,0.5921875,0.6630859375,0.7216796875,0.912109375,1.0,0.212890625,1.0
13336,20,0.80810546875,0.4015625,0.4392578125,0.53466796875,0.5673828125,0.970703125,1.0,0.38671875,1.0
23069,20,0.9091796875,0.706640625,0.7140625,0.74140625,0.8046875,0.98046875,1.0,0.69921875,1.0
6383,20,0.980859375,0.980859375,1.0,1.0,1.0,1.0,1.0,0.6171875,1.0
