token_id,threshold,coverage,success,precision,status,total_count
0,0.92,4626,4626,1.0,ok,14181
1,0.69,105,105,1.0,ok,415
2,0.74,134,134,1.0,ok,409
3,0.99,16717,16717,1.0,ok,195148
4,0.63,138,138,1.0,ok,305
5,0.88,103,103,1.0,ok,281
6,0.88,242,242,1.0,ok,1659
7,0.98,11322,11322,1.0,ok,57696
8,0.98,32102,32102,1.0,ok,123640
10,0.95,10167,10167,1.0,ok,38122
11,1.0,13336,13336,1.0,ok,393749
12,0.97,12858,12858,1.0,ok,54915
13,0.99,19430,19430,1.0,ok,263889
14,0.9,1390,1390,1.0,ok,5503
15,,0,0,,fallback_no_valid_threshold,500623
16,1.0,66603,66603,1.0,ok,822290
17,1.0,83739,83739,1.0,ok,988675
18,1.0,41191,41191,1.0,ok,374942
19,1.0,28501,28501,1.0,ok,274654
20,,0,0,,fallback_no_valid_threshold,257705
21,0.99,37842,37842,1.0,ok,199767
22,1.0,12806,12806,1.0,ok,120987
23,1.0,13311,13311,1.0,ok,121904
24,1.0,12859,12859,1.0,ok,131552
25,0.99,13291,13291,1.0,ok,129272
27,0.71,200,200,1.0,ok,486
28,0.94,3829,3829,1.0,ok,20808
29,0.76,257,257,1.0,ok,482
31,0.66,1222,1222,1.0,ok,1740
32,0.91,1543,1543,1.0,ok,10063
33,0.86,2455,2455,1.0,ok,6566
34,0.81,1708,1708,1.0,ok,4729
35,0.79,842,842,1.0,ok,2093
36,0.93,362,362,1.0,ok,1823
37,0.81,686,686,1.0,ok,1813
38,0.81,562,562,1.0,ok,2160
39,0.81,335,335,1.0,ok,957
40,0.79,136,136,1.0,ok,511
41,0.95,101,101,1.0,ok,477
42,0.67,515,515,1.0,ok,1471
43,0.63,153,153,1.0,ok,323
44,0.65,968,968,1.0,ok,3476
45,0.78,1061,1061,1.0,ok,4455
46,0.82,541,541,1.0,ok,1986
47,0.81,1234,1234,1.0,ok,4380
48,0.93,380,380,1.0,ok,2703
49,0.68,764,764,1.0,ok,2022
50,0.9,788,788,1.0,ok,4400
51,0.64,317,317,1.0,ok,1135
53,0.8,328,328,1.0,ok,1083
54,0.61,117,117,1.0,ok,267
55,0.94,179,179,1.0,ok,874
56,0.5,194,194,1.0,ok,298
57,0.56,553,553,1.0,ok,1161
58,0.83,2414,2414,1.0,ok,8364
59,1.0,4836,4836,1.0,ok,49526
60,1.0,12987,12987,1.0,ok,65116
61,1.0,20690,20690,1.0,ok,208595
62,0.99,11139,11139,1.0,ok,62520
64,0.98,9513,9513,1.0,ok,77938
65,0.99,4634,4634,1.0,ok,42707
66,0.99,3356,3356,1.0,ok,17058
67,0.91,3386,3386,1.0,ok,9571
68,0.88,526,526,1.0,ok,1242
69,0.87,6688,6688,1.0,ok,29910
70,0.82,1043,1043,1.0,ok,4876
71,0.99,435,435,1.0,ok,4025
72,0.99,2524,2524,1.0,ok,15909
73,0.94,246,246,1.0,ok,1123
74,0.88,4846,4846,1.0,ok,21947
75,0.59,970,970,1.0,ok,2330
76,0.88,2365,2365,1.0,ok,10156
77,0.95,6493,6493,1.0,ok,40360
78,0.8,103,103,1.0,ok,277
79,0.9,2631,2631,1.0,ok,12270
80,0.92,1049,1049,1.0,ok,4084
81,0.95,3740,3740,1.0,ok,21289
82,0.95,1470,1470,1.0,ok,7859
83,0.98,1310,1310,1.0,ok,9244
84,0.68,459,459,1.0,ok,1488
85,0.61,254,254,1.0,ok,663
86,0.87,1032,1032,1.0,ok,4568
87,0.99,30600,30600,1.0,ok,236970
88,0.99,7179,7179,1.0,ok,46325
89,0.96,3431,3431,1.0,ok,15582
90,1.0,39571,39571,1.0,ok,350561
91,0.98,3695,3695,1.0,ok,16696
92,1.0,32519,32519,1.0,ok,196376
198,1.0,84457,84457,1.0,ok,1570742
220,,0,0,,fallback_no_valid_threshold,1100874
256,0.95,12984,12984,1.0,ok,47067
257,0.87,824,824,1.0,ok,3031
258,0.79,311,311,1.0,ok,961
259,0.96,10709,10709,1.0,ok,61610
262,0.65,172,172,1.0,ok,429
263,0.53,398,398,1.0,ok,657
267,0.99,631,631,1.0,ok,4558
268,0.97,43931,43931,1.0,ok,842569
269,0.83,391,391,1.0,ok,1180
271,0.67,277,277,1.0,ok,784
272,0.97,4640,4640,1.0,ok,14756
273,0.75,451,451,1.0,ok,1311
274,0.75,461,461,1.0,ok,1491
276,,0,0,,fallback_no_valid_threshold,347
278,0.61,163,163,1.0,ok,234
281,0.98,3680,3680,1.0,ok,21068
282,0.83,1532,1532,1.0,ok,3957
283,0.91,1066,1066,1.0,ok,6942
285,0.95,7653,7653,1.0,ok,29936
286,,0,0,,fallback_no_valid_threshold,202
287,0.71,162,162,1.0,ok,360
289,0.76,1855,1855,1.0,ok,6223
292,0.82,813,813,1.0,ok,2596
295,0.92,1329,1329,1.0,ok,5470
296,0.93,4668,4668,1.0,ok,23923
297,0.93,12366,12366,1.0,ok,86522
298,0.64,120,120,1.0,ok,535
299,0.94,2080,2080,1.0,ok,5696
300,0.98,28489,28489,1.0,ok,251670
301,0.97,14104,14104,1.0,ok,93920
307,0.85,1269,1269,1.0,ok,3223
313,0.71,104,104,1.0,ok,338
318,0.75,194,194,1.0,ok,424
320,0.92,2727,2727,1.0,ok,13034
322,0.84,312,312,1.0,ok,1020
326,0.84,405,405,1.0,ok,899
331,0.84,226,226,1.0,ok,960
332,0.95,237,237,1.0,ok,1735
333,0.85,1200,1200,1.0,ok,3081
334,0.87,530,530,1.0,ok,2321
340,0.97,8472,8472,1.0,ok,28830
341,0.98,31009,31009,1.0,ok,203896
348,0.96,857,857,1.0,ok,2876
352,0.9,4657,4657,1.0,ok,26095
354,0.76,104,104,1.0,ok,297
355,0.89,2072,2072,1.0,ok,9805
362,0.86,159,159,1.0,ok,487
363,0.97,10726,10726,1.0,ok,49275
365,0.89,158,158,1.0,ok,796
366,0.9,1468,1468,1.0,ok,7114
367,0.93,3996,3996,1.0,ok,28177
372,0.7,130,130,1.0,ok,204
373,1.0,53384,53384,1.0,ok,484180
378,0.87,6801,6801,1.0,ok,38691
385,0.74,322,322,1.0,ok,940
387,,0,0,,fallback_no_valid_threshold,234
388,0.79,1297,1297,1.0,ok,4518
391,0.86,1931,1931,1.0,ok,10264
403,0.75,1590,1590,1.0,ok,5797
408,0.95,780,780,1.0,ok,4491
409,0.95,1182,1182,1.0,ok,10855
413,0.92,1538,1538,1.0,ok,5376
416,0.73,118,118,1.0,ok,409
429,0.66,134,134,1.0,ok,461
435,0.85,689,689,1.0,ok,1877
436,,0,0,,fallback_no_valid_threshold,277
438,0.95,9479,9479,1.0,ok,111700
442,0.82,497,497,1.0,ok,1947
444,0.74,471,471,1.0,ok,1292
449,0.94,6067,6067,1.0,ok,37099
453,0.93,1749,1749,1.0,ok,7478
454,0.7,620,620,1.0,ok,1742
457,,0,0,,fallback_no_valid_threshold,342
461,0.78,334,334,1.0,ok,821
464,0.75,267,267,1.0,ok,1008
468,0.93,2476,2476,1.0,ok,31163
471,0.9,195,195,1.0,ok,807
475,0.77,275,275,1.0,ok,892
477,0.66,167,167,1.0,ok,481
480,0.98,1092,1092,1.0,ok,4123
482,0.82,2507,2507,1.0,ok,8834
491,,0,0,,fallback_no_valid_threshold,297
493,0.95,276,276,1.0,ok,1029
497,0.67,421,421,1.0,ok,775
498,0.9,3360,3360,1.0,ok,13943
500,0.82,336,336,1.0,ok,1178
501,0.81,1667,1667,1.0,ok,12685
505,0.99,133,133,1.0,ok,1576
508,0.76,397,397,1.0,ok,952
522,,0,0,,fallback_no_valid_threshold,288
526,0.8,1438,1438,1.0,ok,4595
527,0.93,6415,6415,1.0,ok,36583
529,0.67,219,219,1.0,ok,464
537,1.0,18207,18207,1.0,ok,210300
541,0.63,423,423,1.0,ok,1098
546,0.86,4478,4478,1.0,ok,16345
558,0.99,22354,22354,1.0,ok,664081
560,0.89,3013,3013,1.0,ok,22377
561,0.91,2596,2596,1.0,ok,20753
588,0.9,664,664,1.0,ok,1624
593,0.88,1263,1263,1.0,ok,5985
606,0.77,422,422,1.0,ok,1249
611,0.86,307,307,1.0,ok,1761
617,0.76,418,418,1.0,ok,1021
623,0.81,578,578,1.0,ok,1386
624,0.76,1174,1174,1.0,ok,4481
627,0.91,734,734,1.0,ok,4766
632,0.78,188,188,1.0,ok,556
636,0.91,1936,1936,1.0,ok,7375
640,0.8,372,372,1.0,ok,1578
644,0.73,951,951,1.0,ok,1870
648,0.73,144,144,1.0,ok,1218
654,0.92,1431,1431,1.0,ok,9025
672,,0,0,,fallback_no_valid_threshold,226
678,0.96,1406,1406,1.0,ok,21206
698,0.79,2776,2776,1.0,ok,11754
718,0.81,181,181,1.0,ok,954
723,0.79,1988,1988,1.0,ok,6231
731,0.77,122,122,1.0,ok,461
733,0.77,998,998,1.0,ok,3247
740,0.87,3090,3090,1.0,ok,16101
760,0.74,518,518,1.0,ok,2244
763,0.83,243,243,1.0,ok,1048
778,0.86,335,335,1.0,ok,1036
781,1.0,32386,32386,1.0,ok,313740
782,0.89,342,342,1.0,ok,1334
792,,0,0,,fallback_no_valid_threshold,895
795,1.0,61727,61727,1.0,ok,597245
797,0.96,2329,2329,1.0,ok,13724
802,0.76,563,563,1.0,ok,2211
809,0.77,565,565,1.0,ok,1698
810,0.84,2112,2112,1.0,ok,9569
818,0.88,2298,2298,1.0,ok,15456
822,0.54,115,115,1.0,ok,210
825,0.65,139,139,1.0,ok,624
831,,0,0,,fallback_no_valid_threshold,275
834,0.93,5364,5364,1.0,ok,30081
838,0.63,341,341,1.0,ok,802
846,0.74,419,419,1.0,ok,1452
850,0.85,200,200,1.0,ok,1237
854,0.9,457,457,1.0,ok,1452
866,0.42,288,288,1.0,ok,424
869,,0,0,,fallback_no_valid_threshold,526
876,,0,0,,fallback_no_valid_threshold,207
880,0.81,1017,1017,1.0,ok,3400
897,0.79,738,738,1.0,ok,3506
898,0.84,436,436,1.0,ok,1741
900,0.72,221,221,1.0,ok,631
901,0.67,222,222,1.0,ok,610
911,0.91,408,408,1.0,ok,3080
914,0.94,203,203,1.0,ok,985
922,,0,0,,fallback_no_valid_threshold,240
928,0.74,101,101,1.0,ok,342
931,0.98,13058,13058,1.0,ok,58162
943,0.95,5118,5118,1.0,ok,24747
947,0.83,1377,1377,1.0,ok,7276
950,0.92,1618,1618,1.0,ok,6355
962,,0,0,,fallback_no_valid_threshold,909
963,,0,0,,fallback_no_valid_threshold,256
971,0.66,304,304,1.0,ok,928
989,0.64,482,482,1.0,ok,1347
997,0.74,173,173,1.0,ok,569
1017,0.51,298,298,1.0,ok,503
1020,0.9,124,124,1.0,ok,611
1028,0.53,150,150,1.0,ok,208
1029,0.82,205,205,1.0,ok,1277
1037,0.87,361,361,1.0,ok,2025
1040,0.9,1636,1636,1.0,ok,5772
1050,0.79,4066,4066,1.0,ok,20657
1069,0.25,201,201,1.0,ok,226
1071,0.86,863,863,1.0,ok,4941
1077,0.8,527,527,1.0,ok,5831
1088,0.71,830,830,1.0,ok,2732
1094,0.71,467,467,1.0,ok,954
1097,0.78,724,724,1.0,ok,2559
1099,0.66,250,250,1.0,ok,717
1103,0.89,720,720,1.0,ok,2713
1104,0.76,459,459,1.0,ok,9132
1109,0.58,197,197,1.0,ok,385
1117,0.9,534,534,1.0,ok,3922
1119,0.93,2265,2265,1.0,ok,10126
1124,0.58,139,139,1.0,ok,329
1128,0.91,1273,1273,1.0,ok,5562
1176,0.63,357,357,1.0,ok,669
1191,0.89,364,364,1.0,ok,2779
1198,0.55,105,105,1.0,ok,288
1209,0.7,300,300,1.0,ok,1557
1217,,0,0,,fallback_no_valid_threshold,318
1218,0.88,2386,2386,1.0,ok,10372
1221,0.9,1707,1707,1.0,ok,4599
1234,0.71,241,241,1.0,ok,817
1242,0.79,468,468,1.0,ok,4041
1248,0.54,193,193,1.0,ok,392
1253,0.81,188,188,1.0,ok,728
1255,0.78,602,602,1.0,ok,2406
1260,0.48,211,211,1.0,ok,437
1261,0.79,2162,2162,1.0,ok,14281
1265,0.77,301,301,1.0,ok,1992
1285,0.76,268,268,1.0,ok,1284
1290,,0,0,,fallback_no_valid_threshold,303
1292,0.48,131,131,1.0,ok,295
1307,0.88,2658,2658,1.0,ok,14955
1310,0.84,911,911,1.0,ok,3076
1316,0.8,331,331,1.0,ok,1476
1325,,0,0,,fallback_no_valid_threshold,434
1329,,0,0,,fallback_no_valid_threshold,301
1339,0.85,261,261,1.0,ok,1414
1352,0.72,493,493,1.0,ok,1766
1359,0.65,150,150,1.0,ok,980
1380,0.52,370,370,1.0,ok,735
1387,0.93,803,803,1.0,ok,7771
1389,0.89,240,240,1.0,ok,615
1399,0.9,1351,1351,1.0,ok,6595
1402,0.5,259,259,1.0,ok,394
1421,0.48,465,465,1.0,ok,610
1435,0.87,1080,1080,1.0,ok,5530
1440,0.35,200,200,1.0,ok,279
1451,0.83,2010,2010,1.0,ok,5577
1459,0.7,448,448,1.0,ok,1311
1464,,0,0,,fallback_no_valid_threshold,328
1470,0.78,113,113,1.0,ok,339
1484,0.82,834,834,1.0,ok,4214
1487,0.87,109,109,1.0,ok,446
1489,0.61,297,297,1.0,ok,953
1490,0.68,365,365,1.0,ok,1040
1491,0.97,1307,1307,1.0,ok,30354
1493,0.85,270,270,1.0,ok,647
1494,0.66,209,209,1.0,ok,860
1501,0.81,823,823,1.0,ok,4105
1508,,0,0,,fallback_no_valid_threshold,234
1521,0.69,255,255,1.0,ok,886
1524,0.53,151,151,1.0,ok,311
1526,,0,0,,fallback_no_valid_threshold,243
1529,1.0,5344,5344,1.0,ok,57155
1538,0.64,583,583,1.0,ok,1507
1542,0.98,4097,4097,1.0,ok,25907
1543,0.75,315,315,1.0,ok,927
1550,0.69,125,125,1.0,ok,377
1570,0.8,289,289,1.0,ok,2250
1593,0.99,1454,1454,1.0,ok,8665
1594,0.84,497,497,1.0,ok,1605
1609,0.71,219,219,1.0,ok,682
1614,0.48,141,141,1.0,ok,283
1620,0.75,158,158,1.0,ok,927
1627,0.88,792,792,1.0,ok,5475
1635,0.61,216,216,1.0,ok,440
1652,,0,0,,fallback_no_valid_threshold,692
1654,,0,0,,fallback_no_valid_threshold,296
1661,0.7,581,581,1.0,ok,2391
1669,0.96,3864,3864,1.0,ok,19393
1671,0.9,1644,1644,1.0,ok,12049
1672,0.74,546,546,1.0,ok,11472
1683,,0,0,,fallback_no_valid_threshold,240
1685,,0,0,,fallback_no_valid_threshold,294
1698,,0,0,,fallback_no_valid_threshold,336
1710,0.71,146,146,1.0,ok,525
1728,0.65,172,172,1.0,ok,680
1729,0.85,433,433,1.0,ok,1403
1733,0.88,767,767,1.0,ok,3451
1741,0.98,361,361,1.0,ok,3368
1745,0.82,1531,1531,1.0,ok,5701
1746,0.73,147,147,1.0,ok,667
1749,,0,0,,fallback_no_valid_threshold,391
1750,,0,0,,fallback_no_valid_threshold,273
1759,0.62,156,156,1.0,ok,401
1774,0.74,374,374,1.0,ok,1401
1775,0.52,144,144,1.0,ok,274
1788,0.98,5344,5344,1.0,ok,40804
1801,0.8,290,290,1.0,ok,1412
1803,0.53,140,140,1.0,ok,210
1813,0.84,463,463,1.0,ok,1495
1824,0.92,522,522,1.0,ok,1201
1827,0.98,591,591,1.0,ok,5039
1833,0.43,178,178,1.0,ok,222
1834,0.85,343,343,1.0,ok,1192
1850,,0,0,,fallback_no_valid_threshold,534
1851,0.71,181,181,1.0,ok,326
1853,0.92,862,862,1.0,ok,4424
1892,0.99,6865,6865,1.0,ok,17738
1896,0.78,515,515,1.0,ok,1456
1900,,0,0,,fallback_no_valid_threshold,283
1906,0.9,3662,3662,1.0,ok,13274
1909,0.66,173,173,1.0,ok,1023
1914,0.65,198,198,1.0,ok,1580
1921,0.64,778,778,1.0,ok,4888
1944,0.98,798,798,1.0,ok,5415
1946,0.92,3418,3418,1.0,ok,16912
1948,0.8,555,555,1.0,ok,1774
1963,0.85,1411,1411,1.0,ok,6114
1971,0.69,343,343,1.0,ok,1253
1991,0.64,114,114,1.0,ok,294
1993,0.61,738,738,1.0,ok,3020
1994,,0,0,,fallback_no_valid_threshold,226
2022,0.83,1727,1727,1.0,ok,9801
2039,0.64,237,237,1.0,ok,480
2073,0.84,193,193,1.0,ok,1282
2088,0.72,2461,2461,1.0,ok,6642
2094,,0,0,,fallback_no_valid_threshold,395
2096,0.57,235,235,1.0,ok,490
2104,0.75,297,297,1.0,ok,1026
2127,,0,0,,fallback_no_valid_threshold,242
2129,0.87,859,859,1.0,ok,3239
2137,0.54,140,140,1.0,ok,378
2138,0.88,842,842,1.0,ok,4510
2140,0.86,2332,2332,1.0,ok,7637
2157,0.96,6175,6175,1.0,ok,16828
2183,0.93,11428,11428,1.0,ok,68444
2200,0.84,135,135,1.0,ok,571
2205,,0,0,,fallback_no_valid_threshold,250
2237,0.82,190,190,1.0,ok,1868
2238,,0,0,,fallback_no_valid_threshold,727
2242,0.91,182,182,1.0,ok,968
2258,0.75,129,129,1.0,ok,753
2263,0.7,701,701,1.0,ok,2501
2264,0.84,2600,2600,1.0,ok,7781
2272,,0,0,,fallback_no_valid_threshold,388
2274,0.78,1807,1807,1.0,ok,6629
2286,0.65,374,374,1.0,ok,907
2293,0.94,1543,1543,1.0,ok,9471
2303,0.59,150,150,1.0,ok,237
2319,0.68,205,205,1.0,ok,517
2323,0.9,155,155,1.0,ok,634
2328,0.77,1469,1469,1.0,ok,6471
2335,0.99,4404,4404,1.0,ok,18386
2338,0.84,683,683,1.0,ok,2491
2345,0.74,133,133,1.0,ok,248
2397,0.97,223,223,1.0,ok,2070
2404,0.72,113,113,1.0,ok,459
2418,,0,0,,fallback_no_valid_threshold,481
2421,0.93,132,132,1.0,ok,2306
2455,0.72,206,206,1.0,ok,947
2469,,0,0,,fallback_no_valid_threshold,343
2473,0.7,107,107,1.0,ok,471
2474,,0,0,,fallback_no_valid_threshold,645
2478,0.65,153,153,1.0,ok,377
2490,0.46,554,554,1.0,ok,937
2514,0.54,134,134,1.0,ok,276
2516,,0,0,,fallback_no_valid_threshold,516
2528,0.67,536,536,1.0,ok,1779
2531,0.8,290,290,1.0,ok,1149
2536,0.86,5630,5630,1.0,ok,16243
2537,0.83,222,222,1.0,ok,605
2538,,0,0,,fallback_no_valid_threshold,310
2541,,0,0,,fallback_no_valid_threshold,211
2545,0.84,111,111,1.0,ok,427
2548,0.87,364,364,1.0,ok,1368
2552,0.7,267,267,1.0,ok,888
2555,,0,0,,fallback_no_valid_threshold,203
2585,0.76,1140,1140,1.0,ok,4157
2588,0.95,241,241,1.0,ok,567
2592,0.87,126,126,1.0,ok,637
2599,,0,0,,fallback_no_valid_threshold,236
2602,0.84,202,202,1.0,ok,895
2606,,0,0,,fallback_no_valid_threshold,218
2614,0.76,130,130,1.0,ok,500
2622,0.81,119,119,1.0,ok,398
2623,,0,0,,fallback_no_valid_threshold,233
2627,0.7,969,969,1.0,ok,2591
2636,0.74,159,159,1.0,ok,664
2645,0.74,954,954,1.0,ok,3081
2651,0.83,260,260,1.0,ok,1314
2659,,0,0,,fallback_no_valid_threshold,243
2684,,0,0,,fallback_no_valid_threshold,249
2694,0.92,5243,5243,1.0,ok,15437
2725,,0,0,,fallback_no_valid_threshold,299
2730,0.86,2677,2677,1.0,ok,15854
2743,,0,0,,fallback_no_valid_threshold,366
2747,0.96,1024,1024,1.0,ok,4537
2750,,0,0,,fallback_no_valid_threshold,426
2751,,0,0,,fallback_no_valid_threshold,397
2753,0.85,569,569,1.0,ok,2305
2762,0.7,203,203,1.0,ok,353
2763,0.7,351,351,1.0,ok,1312
2771,0.6,115,115,1.0,ok,478
2774,0.68,194,194,1.0,ok,561
2778,,0,0,,fallback_no_valid_threshold,205
2791,0.7,227,227,1.0,ok,452
2792,0.56,114,114,1.0,ok,232
2802,0.97,248,248,1.0,ok,1725
2824,0.7,644,644,1.0,ok,1985
2825,,0,0,,fallback_no_valid_threshold,218
2826,0.88,375,375,1.0,ok,1527
2856,0.67,296,296,1.0,ok,935
2914,0.68,714,714,1.0,ok,2187
2917,0.92,1960,1960,1.0,ok,11398
2942,,0,0,,fallback_no_valid_threshold,272
2948,0.81,290,290,1.0,ok,1778
2952,0.43,170,170,1.0,ok,543
2954,0.88,406,406,1.0,ok,4293
2964,0.99,9877,9877,1.0,ok,38721
2971,1.0,29575,29575,1.0,ok,189403
2993,0.88,3519,3519,1.0,ok,16702
3009,0.48,274,274,1.0,ok,818
3062,0.97,44475,44475,1.0,ok,189362
3072,,0,0,,fallback_no_valid_threshold,231
3082,,0,0,,fallback_no_valid_threshold,339
3099,0.58,137,137,1.0,ok,250
3105,0.85,238,238,1.0,ok,806
3117,0.82,233,233,1.0,ok,2183
3124,,0,0,,fallback_no_valid_threshold,260
3141,,0,0,,fallback_no_valid_threshold,245
3165,,0,0,,fallback_no_valid_threshold,401
3173,0.8,914,914,1.0,ok,4144
3179,,0,0,,fallback_no_valid_threshold,254
3182,,0,0,,fallback_no_valid_threshold,227
3193,0.79,165,165,1.0,ok,670
3207,0.78,2490,2490,1.0,ok,8800
3209,0.61,490,490,1.0,ok,2033
3212,0.65,225,225,1.0,ok,830
3214,0.86,162,162,1.0,ok,1838
3226,0.67,128,128,1.0,ok,388
3237,0.79,140,140,1.0,ok,561
3248,0.71,416,416,1.0,ok,2357
3258,0.46,114,114,1.0,ok,210
3260,,0,0,,fallback_no_valid_threshold,601
3262,0.53,101,101,1.0,ok,241
3278,0.86,480,480,1.0,ok,1799
3279,,0,0,,fallback_no_valid_threshold,223
3282,,0,0,,fallback_no_valid_threshold,252
3303,,0,0,,fallback_no_valid_threshold,229
3308,,0,0,,fallback_no_valid_threshold,361
3310,,0,0,,fallback_no_valid_threshold,205
3320,0.78,1205,1205,1.0,ok,4461
3322,,0,0,,fallback_no_valid_threshold,348
3330,0.56,153,153,1.0,ok,368
3361,0.89,379,379,1.0,ok,2654
3368,0.6,193,193,1.0,ok,340
3390,0.85,859,859,1.0,ok,3902
3392,0.8,1564,1564,1.0,ok,8331
3393,0.65,147,147,1.0,ok,345
3397,0.55,108,108,1.0,ok,299
3435,0.53,127,127,1.0,ok,270
3456,,0,0,,fallback_no_valid_threshold,320
3476,0.59,193,193,1.0,ok,615
3484,,0,0,,fallback_no_valid_threshold,292
3501,0.77,160,160,1.0,ok,576
3513,0.93,4574,4574,1.0,ok,15239
3521,0.81,199,199,1.0,ok,810
3522,,0,0,,fallback_no_valid_threshold,209
3524,,0,0,,fallback_no_valid_threshold,374
3525,,0,0,,fallback_no_valid_threshold,406
3535,0.86,3546,3546,1.0,ok,10479
3544,0.77,330,330,1.0,ok,3438
3553,0.97,2082,2082,1.0,ok,9973
3554,0.6,213,213,1.0,ok,513
3634,0.97,2932,2932,1.0,ok,15034
3639,0.75,279,279,1.0,ok,591
3650,0.72,311,311,1.0,ok,944
3652,0.98,3025,3025,1.0,ok,15466
3654,0.71,171,171,1.0,ok,501
3665,,0,0,,fallback_no_valid_threshold,213
3678,0.86,2744,2744,1.0,ok,8580
3696,0.76,105,105,1.0,ok,552
3698,0.97,5624,5624,1.0,ok,34031
3699,0.77,210,210,1.0,ok,751
3715,0.93,1265,1265,1.0,ok,3027
3727,0.66,162,162,1.0,ok,743
3731,,0,0,,fallback_no_valid_threshold,302
3733,0.97,455,455,1.0,ok,2361
3742,0.59,190,190,1.0,ok,549
3743,0.73,207,207,1.0,ok,681
3745,0.83,2280,2280,1.0,ok,12580
3748,,0,0,,fallback_no_valid_threshold,514
3753,,0,0,,fallback_no_valid_threshold,280
3766,0.92,894,894,1.0,ok,8589
3772,,0,0,,fallback_no_valid_threshold,265
3779,0.69,133,133,1.0,ok,334
3780,0.74,150,150,1.0,ok,734
3781,,0,0,,fallback_no_valid_threshold,484
3783,0.67,227,227,1.0,ok,342
3797,0.61,552,552,1.0,ok,1765
3809,0.73,274,274,1.0,ok,1588
3817,0.6,191,191,1.0,ok,346
3825,0.6,153,153,1.0,ok,472
3841,,0,0,,fallback_no_valid_threshold,363
3846,0.68,149,149,1.0,ok,562
3859,0.81,342,342,1.0,ok,910
3862,0.8,414,414,1.0,ok,2903
3871,0.91,456,456,1.0,ok,2100
3886,0.81,2969,2969,1.0,ok,11063
3893,0.83,125,125,1.0,ok,1200
3935,0.77,2118,2118,1.0,ok,8542
3939,,0,0,,fallback_no_valid_threshold,295
3942,0.86,1869,1869,1.0,ok,5434
3957,0.88,257,257,1.0,ok,821
3965,,0,0,,fallback_no_valid_threshold,420
3971,0.76,230,230,1.0,ok,460
3974,0.59,119,119,1.0,ok,357
4003,,0,0,,fallback_no_valid_threshold,400
4058,0.83,285,285,1.0,ok,617
4074,0.66,1217,1217,1.0,ok,3183
4082,0.69,133,133,1.0,ok,395
4086,0.86,783,783,1.0,ok,14096
4104,0.55,113,113,1.0,ok,276
4105,0.7,112,112,1.0,ok,413
4107,0.7,180,180,1.0,ok,632
4108,,0,0,,fallback_no_valid_threshold,452
4117,,0,0,,fallback_no_valid_threshold,208
4124,0.94,2664,2664,1.0,ok,10286
4127,,0,0,,fallback_no_valid_threshold,203
4128,0.82,1344,1344,1.0,ok,5703
4129,0.77,151,151,1.0,ok,413
4137,,0,0,,fallback_no_valid_threshold,254
4146,,0,0,,fallback_no_valid_threshold,213
4151,0.86,1171,1171,1.0,ok,2975
4154,,0,0,,fallback_no_valid_threshold,424
4155,,0,0,,fallback_no_valid_threshold,317
4185,0.78,108,108,1.0,ok,743
4206,0.52,162,162,1.0,ok,348
4223,0.71,246,246,1.0,ok,1821
4225,0.68,652,652,1.0,ok,2314
4286,,0,0,,fallback_no_valid_threshold,336
4289,,0,0,,fallback_no_valid_threshold,332
4297,0.75,467,467,1.0,ok,2689
4331,0.74,197,197,1.0,ok,602
4337,,0,0,,fallback_no_valid_threshold,385
4345,0.75,293,293,1.0,ok,823
4359,0.74,305,305,1.0,ok,1098
4362,0.86,776,776,1.0,ok,2427
4374,0.74,306,306,1.0,ok,1216
4376,0.7,157,157,1.0,ok,600
4393,0.67,237,237,1.0,ok,451
4399,0.73,103,103,1.0,ok,656
4405,0.93,2667,2667,1.0,ok,14900
4428,0.87,320,320,1.0,ok,1067
4442,0.7,218,218,1.0,ok,587
4449,,0,0,,fallback_no_valid_threshold,253
4464,,0,0,,fallback_no_valid_threshold,215
4474,0.64,495,495,1.0,ok,976
4482,,0,0,,fallback_no_valid_threshold,309
4486,0.62,207,207,1.0,ok,699
4493,0.52,316,316,1.0,ok,526
4494,0.77,124,124,1.0,ok,554
4495,0.64,100,100,1.0,ok,544
4496,,0,0,,fallback_no_valid_threshold,260
4501,,0,0,,fallback_no_valid_threshold,593
4511,0.81,102,102,1.0,ok,281
4545,0.68,191,191,1.0,ok,921
4555,0.94,158,158,1.0,ok,1122
4569,0.7,349,349,1.0,ok,763
4579,0.73,228,228,1.0,ok,503
4581,0.67,164,164,1.0,ok,537
4589,,0,0,,fallback_no_valid_threshold,256
4592,0.86,2865,2865,1.0,ok,9335
4593,0.79,2788,2788,1.0,ok,8959
4614,0.6,371,371,1.0,ok,869
4640,0.92,2327,2327,1.0,ok,8957
4643,0.45,190,190,1.0,ok,297
4647,0.71,516,516,1.0,ok,1684
4649,0.67,219,219,1.0,ok,1303
4664,0.47,165,165,1.0,ok,342
4688,0.94,679,679,1.0,ok,2827
4708,0.93,8385,8385,1.0,ok,39371
4720,,0,0,,fallback_no_valid_threshold,218
4732,0.98,4815,4815,1.0,ok,24148
4744,0.88,639,639,1.0,ok,2239
4746,0.76,146,146,1.0,ok,742
4749,,0,0,,fallback_no_valid_threshold,1145
4786,,0,0,,fallback_no_valid_threshold,245
4800,,0,0,,fallback_no_valid_threshold,203
4811,0.66,143,143,1.0,ok,542
4819,0.9,516,516,1.0,ok,3744
4827,0.75,542,542,1.0,ok,2034
4828,0.83,185,185,1.0,ok,1299
4834,0.88,136,136,1.0,ok,1674
4858,,0,0,,fallback_no_valid_threshold,342
4862,,0,0,,fallback_no_valid_threshold,226
4881,0.74,389,389,1.0,ok,1277
4882,0.73,217,217,1.0,ok,776
4893,0.77,132,132,1.0,ok,356
4905,0.68,105,105,1.0,ok,333
4913,0.74,214,214,1.0,ok,1249
4915,0.94,1441,1441,1.0,ok,6264
4921,0.74,105,105,1.0,ok,827
4923,0.81,338,338,1.0,ok,943
4931,0.61,201,201,1.0,ok,377
4942,,0,0,,fallback_no_valid_threshold,230
4946,,0,0,,fallback_no_valid_threshold,260
4948,,0,0,,fallback_no_valid_threshold,985
4961,0.9,1892,1892,1.0,ok,10315
4975,0.5,145,145,1.0,ok,327
4977,,0,0,,fallback_no_valid_threshold,702
4999,0.74,267,267,1.0,ok,741
5021,0.79,2204,2204,1.0,ok,6906
5034,0.55,124,124,1.0,ok,317
5039,0.8,403,403,1.0,ok,2100
5087,0.64,263,263,1.0,ok,501
5088,,0,0,,fallback_no_valid_threshold,455
5097,,0,0,,fallback_no_valid_threshold,250
5116,0.98,119,119,1.0,ok,2453
5144,0.58,367,367,1.0,ok,723
5148,0.91,1149,1149,1.0,ok,4431
5158,,0,0,,fallback_no_valid_threshold,353
5168,0.7,487,487,1.0,ok,4778
5172,0.87,187,187,1.0,ok,848
5177,0.6,180,180,1.0,ok,1214
5201,0.68,194,194,1.0,ok,748
5212,,0,0,,fallback_no_valid_threshold,210
5228,0.61,141,141,1.0,ok,289
5241,0.73,258,258,1.0,ok,823
5242,0.68,260,260,1.0,ok,952
5243,0.74,295,295,1.0,ok,1399
5312,0.96,10512,10512,1.0,ok,79625
5321,0.77,1107,1107,1.0,ok,2368
5326,0.77,357,357,1.0,ok,1337
5376,0.82,114,114,1.0,ok,302
5382,0.51,127,127,1.0,ok,253
5393,0.7,337,337,1.0,ok,1025
5400,0.59,119,119,1.0,ok,432
5415,0.61,218,218,1.0,ok,368
5417,,0,0,,fallback_no_valid_threshold,274
5418,,0,0,,fallback_no_valid_threshold,671
5436,0.85,1801,1801,1.0,ok,13135
5451,0.93,848,848,1.0,ok,3200
5466,0.87,250,250,1.0,ok,686
5502,0.86,157,157,1.0,ok,659
5504,0.65,317,317,1.0,ok,752
5556,0.83,3944,3944,1.0,ok,8382
5563,0.7,156,156,1.0,ok,755
5580,0.77,106,106,1.0,ok,259
5591,,0,0,,fallback_no_valid_threshold,308
5615,0.65,141,141,1.0,ok,466
5623,0.86,732,732,1.0,ok,3556
5650,0.69,312,312,1.0,ok,1662
5674,0.72,1012,1012,1.0,ok,3295
5684,0.69,130,130,1.0,ok,447
5687,0.37,150,150,1.0,ok,389
5700,0.83,581,581,1.0,ok,2569
5717,0.5,173,173,1.0,ok,415
5727,,0,0,,fallback_no_valid_threshold,248
5732,0.63,162,162,1.0,ok,826
5760,0.35,265,265,1.0,ok,287
5762,0.93,468,468,1.0,ok,2481
5768,0.98,173,173,1.0,ok,1406
5803,0.94,1665,1665,1.0,ok,11745
5837,0.58,188,188,1.0,ok,398
5843,0.86,386,386,1.0,ok,2691
5846,0.83,579,579,1.0,ok,2540
5851,0.56,216,216,1.0,ok,400
5852,,0,0,,fallback_no_valid_threshold,345
5863,0.65,135,135,1.0,ok,403
5865,0.65,273,273,1.0,ok,1051
5870,0.78,208,208,1.0,ok,786
5874,0.77,725,725,1.0,ok,3475
5876,0.79,294,294,1.0,ok,1127
5881,0.84,1109,1109,1.0,ok,3501
5907,0.64,370,370,1.0,ok,1150
5908,0.66,122,122,1.0,ok,914
5914,0.61,150,150,1.0,ok,597
5921,0.7,250,250,1.0,ok,1507
5948,0.85,668,668,1.0,ok,1848
5954,0.89,1061,1061,1.0,ok,5986
6002,,0,0,,fallback_no_valid_threshold,234
6039,0.86,215,215,1.0,ok,1500
6102,0.83,354,354,1.0,ok,1613
6103,0.51,102,102,1.0,ok,663
6126,0.86,505,505,1.0,ok,1924
6127,0.94,1066,1066,1.0,ok,9242
6135,0.67,173,173,1.0,ok,499
6137,,0,0,,fallback_no_valid_threshold,232
6146,,0,0,,fallback_no_valid_threshold,258
6150,0.79,288,288,1.0,ok,1599
6180,0.95,1560,1560,1.0,ok,5476
6184,0.66,139,139,1.0,ok,880
6191,0.8,761,761,1.0,ok,4405
6202,0.77,992,992,1.0,ok,4132
6208,,0,0,,fallback_no_valid_threshold,240
6212,,0,0,,fallback_no_valid_threshold,229
6215,,0,0,,fallback_no_valid_threshold,614
6234,0.83,647,647,1.0,ok,3244
6275,,0,0,,fallback_no_valid_threshold,747
6279,0.88,643,643,1.0,ok,1602
6281,0.83,932,932,1.0,ok,2934
6292,0.61,144,144,1.0,ok,378
6301,0.74,1937,1937,1.0,ok,13348
6302,,0,0,,fallback_no_valid_threshold,354
6325,0.47,229,229,1.0,ok,491
6338,0.46,205,205,1.0,ok,921
6371,0.98,750,750,1.0,ok,4212
6374,,0,0,,fallback_no_valid_threshold,352
6379,0.63,106,106,1.0,ok,536
6384,,0,0,,fallback_no_valid_threshold,644
6394,0.57,177,177,1.0,ok,308
6395,0.8,1575,1575,1.0,ok,5147
6415,,0,0,,fallback_no_valid_threshold,240
6419,0.77,1749,1749,1.0,ok,2918
6427,0.58,126,126,1.0,ok,380
6499,0.81,606,606,1.0,ok,1648
6500,0.85,390,390,1.0,ok,1502
6530,0.79,626,626,1.0,ok,1189
6531,0.82,649,649,1.0,ok,1994
6541,0.65,1738,1738,1.0,ok,5885
6543,0.69,203,203,1.0,ok,490
6564,0.54,144,144,1.0,ok,283
6584,,0,0,,fallback_no_valid_threshold,208
6588,,0,0,,fallback_no_valid_threshold,578
6604,0.87,514,514,1.0,ok,3508
6607,,0,0,,fallback_no_valid_threshold,538
6617,,0,0,,fallback_no_valid_threshold,288
6633,0.58,113,113,1.0,ok,277
6680,0.65,274,274,1.0,ok,772
6683,0.54,124,124,1.0,ok,236
6707,0.67,183,183,1.0,ok,612
6714,0.88,442,442,1.0,ok,2277
6745,0.85,1307,1307,1.0,ok,5349
6752,0.65,220,220,1.0,ok,1310
6759,0.83,417,417,1.0,ok,1077
6777,0.7,602,602,1.0,ok,1502
6784,,0,0,,fallback_no_valid_threshold,264
6787,0.74,186,186,1.0,ok,521
6811,0.81,2644,2644,1.0,ok,8623
6827,0.88,124,124,1.0,ok,729
6842,,0,0,,fallback_no_valid_threshold,204
6850,0.82,425,425,1.0,ok,2961
6922,0.91,17799,17799,1.0,ok,48878
6937,,0,0,,fallback_no_valid_threshold,398
6952,0.74,165,165,1.0,ok,1157
6973,0.67,354,354,1.0,ok,868
6984,0.81,305,305,1.0,ok,799
6986,0.67,158,158,1.0,ok,378
7017,0.76,101,101,1.0,ok,467
7049,,0,0,,fallback_no_valid_threshold,495
7100,0.89,1308,1308,1.0,ok,13330
7106,0.77,229,229,1.0,ok,814
7114,,0,0,,fallback_no_valid_threshold,339
7118,0.79,1413,1413,1.0,ok,6949
7140,,0,0,,fallback_no_valid_threshold,366
7164,0.53,298,298,1.0,ok,575
7182,0.81,415,415,1.0,ok,1153
7185,0.5,125,125,1.0,ok,246
7196,0.77,122,122,1.0,ok,324
7224,,0,0,,fallback_no_valid_threshold,535
7226,0.67,144,144,1.0,ok,373
7274,0.78,250,250,1.0,ok,1202
7281,0.96,302,302,1.0,ok,1201
7309,0.71,624,624,1.0,ok,1815
7324,0.92,1389,1389,1.0,ok,16345
7336,0.82,256,256,1.0,ok,461
7362,,0,0,,fallback_no_valid_threshold,298
7367,0.42,162,162,1.0,ok,205
7395,0.78,765,765,1.0,ok,2579
7407,0.73,636,636,1.0,ok,1694
7434,,0,0,,fallback_no_valid_threshold,256
7458,0.88,317,317,1.0,ok,618
7460,0.84,1370,1370,1.0,ok,5076
7470,0.75,127,127,1.0,ok,631
7480,0.68,113,113,1.0,ok,387
7493,0.71,125,125,1.0,ok,676
7507,,0,0,,fallback_no_valid_threshold,286
7511,0.78,258,258,1.0,ok,685
7534,0.89,524,524,1.0,ok,8466
7536,,0,0,,fallback_no_valid_threshold,206
7538,,0,0,,fallback_no_valid_threshold,212
7542,0.83,4095,4095,1.0,ok,11497
7564,0.6,155,155,1.0,ok,314
7593,0.54,135,135,1.0,ok,357
7611,0.52,163,163,1.0,ok,293
7622,0.93,289,289,1.0,ok,2201
7631,0.72,274,274,1.0,ok,758
7638,,0,0,,fallback_no_valid_threshold,379
7639,0.59,122,122,1.0,ok,271
7654,0.68,116,116,1.0,ok,420
7660,0.46,257,257,1.0,ok,505
7663,0.9,1420,1420,1.0,ok,4133
7665,0.96,193,193,1.0,ok,1629
7670,0.7,652,652,1.0,ok,1230
7676,,0,0,,fallback_no_valid_threshold,246
7684,0.92,3155,3155,1.0,ok,16135
7695,0.54,141,141,1.0,ok,410
7701,0.97,1077,1077,1.0,ok,4549
7720,,0,0,,fallback_no_valid_threshold,259
7765,0.95,2752,2752,1.0,ok,8829
7774,0.88,531,531,1.0,ok,3859
7780,,0,0,,fallback_no_valid_threshold,290
7803,0.82,159,159,1.0,ok,442
7805,0.93,196,196,1.0,ok,1662
7858,0.59,121,121,1.0,ok,324
7885,0.84,144,144,1.0,ok,896
7909,,0,0,,fallback_no_valid_threshold,278
7925,0.77,427,427,1.0,ok,1764
7961,0.73,206,206,1.0,ok,595
7975,0.92,1155,1155,1.0,ok,26023
7992,,0,0,,fallback_no_valid_threshold,426
8007,0.72,658,658,1.0,ok,1951
8033,,0,0,,fallback_no_valid_threshold,257
8039,0.75,745,745,1.0,ok,3579
8040,0.76,157,157,1.0,ok,749
8057,0.39,109,109,1.0,ok,359
8077,,0,0,,fallback_no_valid_threshold,407
8096,0.83,1177,1177,1.0,ok,4393
8100,0.57,167,167,1.0,ok,225
8107,0.83,265,265,1.0,ok,829
8114,0.74,741,741,1.0,ok,2502
8126,0.7,219,219,1.0,ok,1506
8140,,0,0,,fallback_no_valid_threshold,290
8141,0.76,417,417,1.0,ok,3912
8176,,0,0,,fallback_no_valid_threshold,261
8205,0.53,234,234,1.0,ok,478
8226,0.92,648,648,1.0,ok,1935
8241,0.34,117,117,1.0,ok,421
8248,,0,0,,fallback_no_valid_threshold,436
8260,,0,0,,fallback_no_valid_threshold,224
8273,,0,0,,fallback_no_valid_threshold,238
8310,0.89,770,770,1.0,ok,4556
8372,0.88,693,693,1.0,ok,3381
8382,,0,0,,fallback_no_valid_threshold,263
8425,0.55,284,284,1.0,ok,406
8509,0.81,599,599,1.0,ok,2337
8581,0.87,2071,2071,1.0,ok,7017
8589,0.96,3295,3295,1.0,ok,18429
8601,0.82,2020,2020,1.0,ok,4436
8620,0.76,126,126,1.0,ok,1370
8648,0.92,476,476,1.0,ok,1769
8652,,0,0,,fallback_no_valid_threshold,266
8674,0.73,305,305,1.0,ok,709
8737,0.69,407,407,1.0,ok,1206
8769,0.7,495,495,1.0,ok,1018
8776,0.77,312,312,1.0,ok,2013
8793,0.63,138,138,1.0,ok,293
8804,,0,0,,fallback_no_valid_threshold,355
8846,0.76,521,521,1.0,ok,8260
8848,,0,0,,fallback_no_valid_threshold,631
8873,0.58,140,140,1.0,ok,346
8897,0.68,145,145,1.0,ok,291
8916,,0,0,,fallback_no_valid_threshold,224
8917,0.66,468,468,1.0,ok,1672
8925,0.68,366,366,1.0,ok,1451
8937,0.81,117,117,1.0,ok,392
8947,0.97,2559,2559,1.0,ok,26153
8957,,0,0,,fallback_no_valid_threshold,332
8963,0.92,3820,3820,1.0,ok,9901
8967,0.56,206,206,1.0,ok,331
8969,0.71,148,148,1.0,ok,423
8996,0.67,230,230,1.0,ok,419
9085,0.98,183,183,1.0,ok,1211
9086,0.56,309,309,1.0,ok,499
9087,,0,0,,fallback_no_valid_threshold,241
9099,0.65,1215,1215,1.0,ok,2250
9146,0.69,192,192,1.0,ok,739
9149,,0,0,,fallback_no_valid_threshold,451
9223,0.78,300,300,1.0,ok,875
9237,0.86,508,508,1.0,ok,5170
9239,,0,0,,fallback_no_valid_threshold,203
9318,0.65,116,116,1.0,ok,539
9349,0.97,1529,1529,1.0,ok,5720
9352,0.68,160,160,1.0,ok,561
9426,0.68,321,321,1.0,ok,525
9459,0.52,545,545,1.0,ok,830
9479,0.86,4470,4470,1.0,ok,17629
9486,0.68,711,711,1.0,ok,1658
9491,0.48,157,157,1.0,ok,299
9502,0.59,285,285,1.0,ok,521
9516,0.99,19651,19651,1.0,ok,134551
9527,0.97,574,574,1.0,ok,2773
9545,,0,0,,fallback_no_valid_threshold,518
9592,0.56,318,318,1.0,ok,397
9594,0.7,110,110,1.0,ok,209
9613,0.67,250,250,1.0,ok,760
9622,0.98,12613,12613,1.0,ok,48517
9632,,0,0,,fallback_no_valid_threshold,461
9667,,0,0,,fallback_no_valid_threshold,268
9668,,0,0,,fallback_no_valid_threshold,307
9737,0.58,392,392,1.0,ok,705
9796,0.76,1237,1237,1.0,ok,5742
9810,0.57,149,149,1.0,ok,500
9811,0.57,112,112,1.0,ok,235
9873,0.81,1012,1012,1.0,ok,4387
9875,0.77,237,237,1.0,ok,698
9882,0.58,126,126,1.0,ok,270
9940,0.75,1190,1190,1.0,ok,2845
9951,0.86,444,444,1.0,ok,986
9970,0.72,408,408,1.0,ok,1030
9984,0.56,106,106,1.0,ok,291
10026,0.84,2115,2115,1.0,ok,10539
10106,0.92,1013,1013,1.0,ok,2665
10118,0.81,600,600,1.0,ok,1312
10154,,0,0,,fallback_no_valid_threshold,208
10223,0.92,328,328,1.0,ok,1362
10241,0.6,161,161,1.0,ok,343
10248,0.47,105,105,1.0,ok,282
10259,,0,0,,fallback_no_valid_threshold,209
10265,,0,0,,fallback_no_valid_threshold,248
10306,0.81,262,262,1.0,ok,1674
10330,0.65,147,147,1.0,ok,449
10353,0.71,178,178,1.0,ok,552
10361,0.97,2126,2126,1.0,ok,5784
10364,,0,0,,fallback_no_valid_threshold,221
10420,0.97,3726,3726,1.0,ok,16552
10425,,0,0,,fallback_no_valid_threshold,654
10433,0.73,623,623,1.0,ok,1717
10454,,0,0,,fallback_no_valid_threshold,250
10455,,0,0,,fallback_no_valid_threshold,397
10507,0.61,198,198,1.0,ok,760
10515,,0,0,,fallback_no_valid_threshold,258
10552,0.76,104,104,1.0,ok,348
10559,0.57,105,105,1.0,ok,243
10564,0.87,1511,1511,1.0,ok,15473
10602,0.79,775,775,1.0,ok,4605
10609,0.34,181,181,1.0,ok,256
10640,0.74,1148,1148,1.0,ok,3299
10651,0.5,101,101,1.0,ok,252
10660,,0,0,,fallback_no_valid_threshold,213
10663,0.83,351,351,1.0,ok,1553
10675,0.89,636,636,1.0,ok,2282
10702,0.99,7601,7601,1.0,ok,53815
10706,0.63,263,263,1.0,ok,776
10766,0.61,143,143,1.0,ok,595
10770,,0,0,,fallback_no_valid_threshold,374
10841,,0,0,,fallback_no_valid_threshold,206
10864,,0,0,,fallback_no_valid_threshold,203
10904,0.85,164,164,1.0,ok,823
10905,0.93,840,840,1.0,ok,7455
10988,0.94,2990,2990,1.0,ok,15175
10999,0.92,1574,1574,1.0,ok,5991
11005,0.7,103,103,1.0,ok,344
11016,0.88,134,134,1.0,ok,624
11028,0.83,151,151,1.0,ok,607
11079,0.79,640,640,1.0,ok,2273
11082,0.99,450,450,1.0,ok,3049
11086,0.69,195,195,1.0,ok,615
11109,,0,0,,fallback_no_valid_threshold,237
11191,0.45,142,142,1.0,ok,278
11202,0.77,146,146,1.0,ok,612
11207,0.87,101,101,1.0,ok,422
11218,0.88,1927,1927,1.0,ok,12593
11235,,0,0,,fallback_no_valid_threshold,728
11299,0.84,392,392,1.0,ok,1124
11350,0.81,227,227,1.0,ok,831
11371,0.68,316,316,1.0,ok,2364
11404,0.88,866,866,1.0,ok,2881
11416,0.59,159,159,1.0,ok,380
11499,,0,0,,fallback_no_valid_threshold,355
11500,0.8,1094,1094,1.0,ok,1775
11547,0.94,117,117,1.0,ok,216
11553,0.7,289,289,1.0,ok,797
11554,0.96,1907,1907,1.0,ok,6251
11605,0.75,179,179,1.0,ok,362
11638,0.93,1036,1036,1.0,ok,2537
11641,,0,0,,fallback_no_valid_threshold,289
11645,0.9,1023,1023,1.0,ok,4204
11669,,0,0,,fallback_no_valid_threshold,349
11679,0.84,429,429,1.0,ok,2269
11694,0.46,112,112,1.0,ok,200
11706,0.37,242,242,1.0,ok,299
11710,0.8,271,271,1.0,ok,670
11714,0.94,1676,1676,1.0,ok,14506
11729,0.98,31529,31529,1.0,ok,107456
11763,0.69,127,127,1.0,ok,251
11768,0.85,245,245,1.0,ok,970
11780,0.95,609,609,1.0,ok,3297
11854,0.52,116,116,1.0,ok,297
11901,0.79,457,457,1.0,ok,1906
11934,,0,0,,fallback_no_valid_threshold,477
11938,0.78,578,578,1.0,ok,1562
11941,0.65,161,161,1.0,ok,559
12004,,0,0,,fallback_no_valid_threshold,549
12041,0.89,165,165,1.0,ok,1000
12053,0.79,445,445,1.0,ok,1238
12061,0.8,121,121,1.0,ok,538
12136,0.54,109,109,1.0,ok,214
12144,,0,0,,fallback_no_valid_threshold,462
12149,0.54,126,126,1.0,ok,245
12161,0.91,349,349,1.0,ok,935
12179,0.63,144,144,1.0,ok,213
12229,0.99,9470,9470,1.0,ok,37395
12238,,0,0,,fallback_no_valid_threshold,249
12269,0.86,626,626,1.0,ok,1639
12295,0.67,129,129,1.0,ok,501
12334,0.82,1125,1125,1.0,ok,5216
12353,,0,0,,fallback_no_valid_threshold,239
12354,0.76,434,434,1.0,ok,851
12380,,0,0,,fallback_no_valid_threshold,236
12388,,0,0,,fallback_no_valid_threshold,755
12400,0.7,134,134,1.0,ok,515
12407,0.82,693,693,1.0,ok,7658
12413,0.87,161,161,1.0,ok,399
12433,,0,0,,fallback_no_valid_threshold,270
12458,,0,0,,fallback_no_valid_threshold,340
12488,0.72,136,136,1.0,ok,368
12520,0.72,180,180,1.0,ok,564
12561,0.93,114,114,1.0,ok,526
12597,0.34,486,486,1.0,ok,584
12641,,0,0,,fallback_no_valid_threshold,275
12656,0.82,302,302,1.0,ok,916
12717,,0,0,,fallback_no_valid_threshold,387
12762,0.89,108,108,1.0,ok,334
12800,0.75,2488,2488,1.0,ok,6010
12804,0.74,114,114,1.0,ok,607
12815,0.72,408,408,1.0,ok,1521
12823,,0,0,,fallback_no_valid_threshold,335
12854,0.71,293,293,1.0,ok,1105
12877,0.66,190,190,1.0,ok,516
12909,0.88,201,201,1.0,ok,1366
12983,0.95,148,148,1.0,ok,333
12995,,0,0,,fallback_no_valid_threshold,525
13103,0.9,239,239,1.0,ok,552
13125,0.7,1936,1936,1.0,ok,7749
13136,0.79,211,211,1.0,ok,876
13162,,0,0,,fallback_no_valid_threshold,548
13196,0.89,2169,2169,1.0,ok,4890
13243,0.82,547,547,1.0,ok,1195
13289,,0,0,,fallback_no_valid_threshold,408
13407,,0,0,,fallback_no_valid_threshold,275
13434,,0,0,,fallback_no_valid_threshold,229
13497,0.65,147,147,1.0,ok,291
13529,0.94,3511,3511,1.0,ok,12239
13534,0.64,141,141,1.0,ok,1182
13553,0.54,124,124,1.0,ok,254
13567,,0,0,,fallback_no_valid_threshold,236
13584,,0,0,,fallback_no_valid_threshold,292
13616,0.7,106,106,1.0,ok,231
13620,0.76,345,345,1.0,ok,824
13621,,0,0,,fallback_no_valid_threshold,516
13625,,0,0,,fallback_no_valid_threshold,326
13636,,0,0,,fallback_no_valid_threshold,204
13637,0.68,168,168,1.0,ok,815
13712,0.97,1230,1230,1.0,ok,7070
13738,0.85,704,704,1.0,ok,2124
13777,,0,0,,fallback_no_valid_threshold,541
13865,0.86,386,386,1.0,ok,3786
13880,,0,0,,fallback_no_valid_threshold,210
13954,0.99,1835,1835,1.0,ok,43402
13961,0.83,419,419,1.0,ok,1374
13999,0.42,270,270,1.0,ok,340
14008,0.93,101,101,1.0,ok,200
14014,0.63,816,816,1.0,ok,1035
14022,0.65,162,162,1.0,ok,424
14037,0.65,131,131,1.0,ok,671
14061,0.6,153,153,1.0,ok,266
14103,0.84,477,477,1.0,ok,1078
14185,0.84,666,666,1.0,ok,2731
14197,,0,0,,fallback_no_valid_threshold,245
14215,0.67,261,261,1.0,ok,1390
14256,0.74,659,659,1.0,ok,1432
14262,,0,0,,fallback_no_valid_threshold,413
14272,0.8,511,511,1.0,ok,1566
14276,,0,0,,fallback_no_valid_threshold,347
14338,0.81,2146,2146,1.0,ok,9472
14387,0.98,1218,1218,1.0,ok,6478
14406,0.76,1097,1097,1.0,ok,3231
14466,0.69,199,199,1.0,ok,421
14467,0.98,787,787,1.0,ok,3227
14477,,0,0,,fallback_no_valid_threshold,218
14485,,0,0,,fallback_no_valid_threshold,529
14531,0.49,112,112,1.0,ok,221
14547,,0,0,,fallback_no_valid_threshold,349
14555,,0,0,,fallback_no_valid_threshold,595
14576,,0,0,,fallback_no_valid_threshold,200
14687,0.76,365,365,1.0,ok,1170
14808,0.53,117,117,1.0,ok,422
14813,0.84,3139,3139,1.0,ok,8959
14822,0.76,217,217,1.0,ok,839
14868,0.82,252,252,1.0,ok,1350
14874,0.85,1244,1244,1.0,ok,4328
14968,0.64,305,305,1.0,ok,945
15004,0.71,382,382,1.0,ok,1570
15049,0.72,158,158,1.0,ok,557
15055,0.72,297,297,1.0,ok,1274
15067,0.64,178,178,1.0,ok,359
15085,0.67,446,446,1.0,ok,1139
15087,,0,0,,fallback_no_valid_threshold,350
15168,,0,0,,fallback_no_valid_threshold,210
15319,0.65,510,510,1.0,ok,1800
15320,0.77,624,624,1.0,ok,1602
15346,,0,0,,fallback_no_valid_threshold,218
15420,,0,0,,fallback_no_valid_threshold,790
15503,,0,0,,fallback_no_valid_threshold,234
15541,0.63,129,129,1.0,ok,239
15574,0.6,356,356,1.0,ok,748
15596,0.72,175,175,1.0,ok,811
15603,0.63,193,193,1.0,ok,466
15610,0.87,585,585,1.0,ok,2307
15666,0.8,298,298,1.0,ok,3357
15752,0.62,354,354,1.0,ok,856
15755,0.57,200,200,1.0,ok,529
15760,,0,0,,fallback_no_valid_threshold,575
15768,0.92,581,581,1.0,ok,2407
15821,0.66,280,280,1.0,ok,1458
15867,,0,0,,fallback_no_valid_threshold,211
16039,,0,0,,fallback_no_valid_threshold,421
16050,0.59,154,154,1.0,ok,603
16082,,0,0,,fallback_no_valid_threshold,243
16100,0.78,124,124,1.0,ok,503
16126,0.83,1622,1622,1.0,ok,4237
16129,,0,0,,fallback_no_valid_threshold,200
16165,,0,0,,fallback_no_valid_threshold,403
16183,0.61,132,132,1.0,ok,627
16270,,0,0,,fallback_no_valid_threshold,507
16297,0.81,985,985,1.0,ok,5087
16326,,0,0,,fallback_no_valid_threshold,223
16334,0.98,2257,2257,1.0,ok,8304
16336,,0,0,,fallback_no_valid_threshold,429
16348,0.68,227,227,1.0,ok,466
16356,0.68,140,140,1.0,ok,943
16389,0.8,1392,1392,1.0,ok,5147
16477,0.9,5191,5191,1.0,ok,15920
16513,,0,0,,fallback_no_valid_threshold,363
16552,0.59,109,109,1.0,ok,275
16557,0.76,340,340,1.0,ok,2160
16581,,0,0,,fallback_no_valid_threshold,811
16629,0.7,243,243,1.0,ok,714
16671,0.58,219,219,1.0,ok,823
16783,0.97,245,245,1.0,ok,509
16825,0.61,316,316,1.0,ok,804
16832,,0,0,,fallback_no_valid_threshold,240
16880,0.98,971,971,1.0,ok,10718
16934,0.52,171,171,1.0,ok,310
16936,0.61,116,116,1.0,ok,309
16947,0.79,1441,1441,1.0,ok,5699
16955,0.47,288,288,1.0,ok,458
16969,,0,0,,fallback_no_valid_threshold,295
16977,,0,0,,fallback_no_valid_threshold,233
16994,0.76,493,493,1.0,ok,1193
17032,0.86,620,620,1.0,ok,1919
17033,0.7,111,111,1.0,ok,232
17046,0.39,281,281,1.0,ok,359
17049,,0,0,,fallback_no_valid_threshold,292
17131,,0,0,,fallback_no_valid_threshold,203
17223,,0,0,,fallback_no_valid_threshold,228
17261,0.34,159,159,1.0,ok,215
17300,,0,0,,fallback_no_valid_threshold,209
17324,0.81,121,121,1.0,ok,597
17355,0.66,164,164,1.0,ok,545
17363,0.86,194,194,1.0,ok,980
17417,,0,0,,fallback_no_valid_threshold,256
17426,,0,0,,fallback_no_valid_threshold,734
17448,0.87,512,512,1.0,ok,1562
17464,,0,0,,fallback_no_valid_threshold,233
17489,0.68,182,182,1.0,ok,858
17556,0.95,983,983,1.0,ok,7779
17582,0.42,274,274,1.0,ok,358
17601,,0,0,,fallback_no_valid_threshold,239
17622,0.76,176,176,1.0,ok,766
17625,0.56,349,349,1.0,ok,563
17710,0.89,978,978,1.0,ok,2420
17814,0.65,359,359,1.0,ok,801
17818,0.97,4012,4012,1.0,ok,12572
17819,0.63,586,586,1.0,ok,2519
17853,0.8,208,208,1.0,ok,615
17855,,0,0,,fallback_no_valid_threshold,355
17890,0.83,268,268,1.0,ok,727
17927,0.76,861,861,1.0,ok,2854
17932,0.74,155,155,1.0,ok,322
17939,0.73,216,216,1.0,ok,751
17986,0.84,313,313,1.0,ok,712
18052,0.68,712,712,1.0,ok,1137
18053,0.71,230,230,1.0,ok,475
18072,0.52,145,145,1.0,ok,597
18073,0.54,116,116,1.0,ok,224
18117,0.83,110,110,1.0,ok,842
18134,0.51,125,125,1.0,ok,242
18145,0.79,139,139,1.0,ok,535
18178,0.56,252,252,1.0,ok,680
18341,0.8,568,568,1.0,ok,1679
18365,,0,0,,fallback_no_valid_threshold,268
18465,0.92,101,101,1.0,ok,509
18472,0.68,137,137,1.0,ok,485
18487,,0,0,,fallback_no_valid_threshold,343
18498,0.69,2463,2463,1.0,ok,6875
18540,0.81,404,404,1.0,ok,1197
18551,,0,0,,fallback_no_valid_threshold,270
18574,0.77,375,375,1.0,ok,622
18702,0.68,617,617,1.0,ok,1764
18789,0.74,109,109,1.0,ok,1230
18864,,0,0,,fallback_no_valid_threshold,297
18872,0.72,1082,1082,1.0,ok,2541
18879,0.84,832,832,1.0,ok,2421
18936,0.91,2133,2133,1.0,ok,7922
18938,,0,0,,fallback_no_valid_threshold,463
18970,0.56,185,185,1.0,ok,764
18984,0.88,290,290,1.0,ok,2048
19031,0.83,511,511,1.0,ok,2375
19070,0.73,102,102,1.0,ok,495
19097,,0,0,,fallback_no_valid_threshold,515
19107,0.87,409,409,1.0,ok,2089
19273,0.4,112,112,1.0,ok,328
19299,,0,0,,fallback_no_valid_threshold,326
19363,0.9,359,359,1.0,ok,4249
19387,0.75,151,151,1.0,ok,1580
19504,,0,0,,fallback_no_valid_threshold,217
19507,0.68,114,114,1.0,ok,346
19512,,0,0,,fallback_no_valid_threshold,396
19558,,0,0,,fallback_no_valid_threshold,245
19613,0.59,102,102,1.0,ok,273
19674,0.79,266,266,1.0,ok,956
19718,0.86,341,341,1.0,ok,1161
19739,0.89,110,110,1.0,ok,391
19761,0.77,273,273,1.0,ok,887
19781,0.81,235,235,1.0,ok,2259
19804,,0,0,,fallback_no_valid_threshold,213
19814,0.68,337,337,1.0,ok,976
19901,0.97,211,211,1.0,ok,2671
20025,0.34,113,113,1.0,ok,241
20115,0.74,346,346,1.0,ok,1615
20185,,0,0,,fallback_no_valid_threshold,278
20206,0.61,377,377,1.0,ok,970
20219,0.69,165,165,1.0,ok,229
20230,0.85,104,104,1.0,ok,447
20236,0.53,110,110,1.0,ok,227
20254,0.75,133,133,1.0,ok,564
20312,0.67,669,669,1.0,ok,1921
20402,,0,0,,fallback_no_valid_threshold,911
20522,0.7,496,496,1.0,ok,1466
20610,0.92,3093,3093,1.0,ok,12113
20647,0.94,1229,1229,1.0,ok,3832
20774,0.77,220,220,1.0,ok,880
20781,,0,0,,fallback_no_valid_threshold,315
20822,0.63,360,360,1.0,ok,886
20954,0.68,155,155,1.0,ok,670
20972,0.69,107,107,1.0,ok,234
21034,0.73,129,129,1.0,ok,383
21052,0.52,154,154,1.0,ok,455
21109,,0,0,,fallback_no_valid_threshold,207
21143,0.73,104,104,1.0,ok,615
21242,,0,0,,fallback_no_valid_threshold,252
21284,0.75,1410,1410,1.0,ok,2415
21294,,0,0,,fallback_no_valid_threshold,292
21325,0.7,171,171,1.0,ok,449
21361,0.59,120,120,1.0,ok,480
21428,,0,0,,fallback_no_valid_threshold,261
21432,,0,0,,fallback_no_valid_threshold,293
21450,0.58,170,170,1.0,ok,318
21473,,0,0,,fallback_no_valid_threshold,348
21527,,0,0,,fallback_no_valid_threshold,329
21548,0.57,264,264,1.0,ok,451
21623,,0,0,,fallback_no_valid_threshold,438
21649,0.8,972,972,1.0,ok,4291
21762,0.63,136,136,1.0,ok,460
21765,0.59,235,235,1.0,ok,358
21766,,0,0,,fallback_no_valid_threshold,282
21784,,0,0,,fallback_no_valid_threshold,296
21855,,0,0,,fallback_no_valid_threshold,279
21897,0.68,250,250,1.0,ok,896
21916,0.68,235,235,1.0,ok,1079
21936,0.88,1293,1293,1.0,ok,4827
22013,0.95,2921,2921,1.0,ok,11312
22137,0.87,122,122,1.0,ok,593
22140,0.75,314,314,1.0,ok,2229
22149,,0,0,,fallback_no_valid_threshold,436
22156,0.75,253,253,1.0,ok,697
22158,,0,0,,fallback_no_valid_threshold,331
22189,,0,0,,fallback_no_valid_threshold,483
22236,,0,0,,fallback_no_valid_threshold,496
22363,0.64,185,185,1.0,ok,323
22431,0.87,564,564,1.0,ok,1626
22435,,0,0,,fallback_no_valid_threshold,255
22463,,0,0,,fallback_no_valid_threshold,372
22475,0.92,1647,1647,1.0,ok,4123
22493,0.78,658,658,1.0,ok,1772
22507,0.7,935,935,1.0,ok,1380
22540,,0,0,,fallback_no_valid_threshold,277
22559,0.81,447,447,1.0,ok,1849
22590,0.7,282,282,1.0,ok,808
22616,0.76,392,392,1.0,ok,1925
22628,,0,0,,fallback_no_valid_threshold,426
22646,0.98,177,177,1.0,ok,725
22676,0.84,288,288,1.0,ok,1121
22719,0.84,703,703,1.0,ok,3884
22752,,0,0,,fallback_no_valid_threshold,460
22791,,0,0,,fallback_no_valid_threshold,227
22833,0.41,181,181,1.0,ok,257
22884,0.87,2872,2872,1.0,ok,47625
22885,0.69,291,291,1.0,ok,1237
22924,0.79,547,547,1.0,ok,3164
22968,,0,0,,fallback_no_valid_threshold,345
22978,0.51,189,189,1.0,ok,577
23004,0.67,874,874,1.0,ok,3968
23056,0.78,522,522,1.0,ok,1964
23060,0.75,290,290,1.0,ok,904
23079,0.79,3098,3098,1.0,ok,13191
23140,,0,0,,fallback_no_valid_threshold,405
23144,0.86,299,299,1.0,ok,1361
23162,0.76,429,429,1.0,ok,1882
23202,,0,0,,fallback_no_valid_threshold,407
23363,0.75,391,391,1.0,ok,2708
23406,0.99,653,653,1.0,ok,5705
23420,0.86,205,205,1.0,ok,1297
23430,0.26,195,195,1.0,ok,236
23435,0.79,283,283,1.0,ok,517
23474,0.67,125,125,1.0,ok,758
23499,0.81,2307,2307,1.0,ok,5541
23590,0.83,202,202,1.0,ok,1330
23643,,0,0,,fallback_no_valid_threshold,218
23686,,0,0,,fallback_no_valid_threshold,303
23722,,0,0,,fallback_no_valid_threshold,570
23790,0.58,194,194,1.0,ok,380
23894,0.76,2689,2689,1.0,ok,6303
23903,0.78,330,330,1.0,ok,1252
23990,0.91,991,991,1.0,ok,4374
24080,0.85,988,988,1.0,ok,3640
24227,,0,0,,fallback_no_valid_threshold,295
24320,0.92,887,887,1.0,ok,2203
24348,0.64,156,156,1.0,ok,373
24424,0.55,341,341,1.0,ok,418
24521,0.52,282,282,1.0,ok,410
24550,0.72,214,214,1.0,ok,1209
24622,0.8,327,327,1.0,ok,698
24742,,0,0,,fallback_no_valid_threshold,946
24771,0.78,1109,1109,1.0,ok,4574
24791,0.78,262,262,1.0,ok,1920
24796,0.7,168,168,1.0,ok,563
24946,0.97,15509,15509,1.0,ok,153211
25067,,0,0,,fallback_no_valid_threshold,545
25141,,0,0,,fallback_no_valid_threshold,281
25174,,0,0,,fallback_no_valid_threshold,362
25282,0.8,1005,1005,1.0,ok,3721
25290,0.89,430,430,1.0,ok,2019
25433,0.38,137,137,1.0,ok,227
25450,0.8,113,113,1.0,ok,518
25462,,0,0,,fallback_no_valid_threshold,261
25487,0.83,155,155,1.0,ok,319
25511,0.74,318,318,1.0,ok,1062
25542,0.87,722,722,1.0,ok,1837
25600,,0,0,,fallback_no_valid_threshold,265
25671,0.4,347,347,1.0,ok,442
25823,0.47,202,202,1.0,ok,293
25867,0.7,121,121,1.0,ok,526
26054,0.83,484,484,1.0,ok,700
26076,,0,0,,fallback_no_valid_threshold,324
26137,0.8,275,275,1.0,ok,1241
26237,,0,0,,fallback_no_valid_threshold,306
26306,0.56,140,140,1.0,ok,646
26456,0.81,1386,1386,1.0,ok,38742
26494,0.8,408,408,1.0,ok,2973
26536,0.81,487,487,1.0,ok,1185
26551,,0,0,,fallback_no_valid_threshold,387
26614,,0,0,,fallback_no_valid_threshold,280
26648,0.6,127,127,1.0,ok,523
26714,0.59,216,216,1.0,ok,671
26815,0.95,106,106,1.0,ok,1235
26962,0.67,411,411,1.0,ok,1792
27057,0.92,1452,1452,1.0,ok,9068
27100,0.9,415,415,1.0,ok,2654
27180,0.84,1980,1980,1.0,ok,4057
27198,,0,0,,fallback_no_valid_threshold,229
27254,0.46,108,108,1.0,ok,287
27293,0.84,117,117,1.0,ok,1230
27298,0.66,108,108,1.0,ok,435
27308,,0,0,,fallback_no_valid_threshold,229
27312,0.77,408,408,1.0,ok,1252
27342,0.47,105,105,1.0,ok,271
27443,,0,0,,fallback_no_valid_threshold,215
27675,0.55,176,176,1.0,ok,349
27691,0.41,275,275,1.0,ok,453
27753,0.83,534,534,1.0,ok,1315
27782,0.9,513,513,1.0,ok,2171
27812,0.77,194,194,1.0,ok,748
27817,0.5,168,168,1.0,ok,261
27930,0.74,105,105,1.0,ok,374
27994,0.93,2006,2006,1.0,ok,8412
28030,0.73,343,343,1.0,ok,1443
28064,0.89,180,180,1.0,ok,582
28127,0.58,294,294,1.0,ok,567
28149,0.62,218,218,1.0,ok,331
28202,0.59,103,103,1.0,ok,398
28208,,0,0,,fallback_no_valid_threshold,527
28220,0.81,451,451,1.0,ok,2115
28221,0.93,364,364,1.0,ok,970
28246,,0,0,,fallback_no_valid_threshold,208
28253,0.89,1305,1305,1.0,ok,2950
28316,0.87,158,158,1.0,ok,1188
28331,,0,0,,fallback_no_valid_threshold,236
28401,0.67,349,349,1.0,ok,1620
28462,0.97,786,786,1.0,ok,4915
28477,0.83,1635,1635,1.0,ok,7672
28535,0.84,201,201,1.0,ok,588
28810,0.63,181,181,1.0,ok,495
28894,0.7,324,324,1.0,ok,1629
28934,0.63,148,148,1.0,ok,228
28940,0.7,221,221,1.0,ok,518
28943,0.79,390,390,1.0,ok,1432
28959,0.74,148,148,1.0,ok,385
29120,0.84,259,259,1.0,ok,825
29203,,0,0,,fallback_no_valid_threshold,261
29213,0.74,872,872,1.0,ok,1832
29507,,0,0,,fallback_no_valid_threshold,286
29621,0.88,270,270,1.0,ok,1764
29661,,0,0,,fallback_no_valid_threshold,623
29816,0.76,535,535,1.0,ok,2064
30040,,0,0,,fallback_no_valid_threshold,325
30116,0.7,178,178,1.0,ok,312
30366,0.5,301,301,1.0,ok,502
30381,,0,0,,fallback_no_valid_threshold,309
30392,0.7,231,231,1.0,ok,977
30401,0.63,248,248,1.0,ok,921
30411,0.4,177,177,1.0,ok,292
30719,0.65,123,123,1.0,ok,247
30769,,0,0,,fallback_no_valid_threshold,221
30814,0.62,156,156,1.0,ok,303
31037,0.46,164,164,1.0,ok,378
31073,0.99,163,163,1.0,ok,1572
31079,0.62,212,212,1.0,ok,653
31119,0.55,244,244,1.0,ok,492
31163,0.74,309,309,1.0,ok,1134
31302,,0,0,,fallback_no_valid_threshold,2233
31576,0.9,2366,2366,1.0,ok,6593
31619,0.63,111,111,1.0,ok,200
32069,,0,0,,fallback_no_valid_threshold,286
32134,0.64,282,282,1.0,ok,853
32158,0.59,275,275,1.0,ok,1095
32259,0.75,318,318,1.0,ok,759
32283,0.63,182,182,1.0,ok,679
32289,1.0,7664,7664,1.0,ok,96346
32318,,0,0,,fallback_no_valid_threshold,221
32364,0.6,142,142,1.0,ok,744
32377,0.94,655,655,1.0,ok,4351
32441,0.66,559,559,1.0,ok,1358
32784,0.76,130,130,1.0,ok,223
32908,0.56,152,152,1.0,ok,223
32944,0.74,111,111,1.0,ok,256
32993,,0,0,,fallback_no_valid_threshold,342
33149,,0,0,,fallback_no_valid_threshold,239
33228,,0,0,,fallback_no_valid_threshold,201
33238,,0,0,,fallback_no_valid_threshold,500
33240,0.93,477,477,1.0,ok,3398
33391,,0,0,,fallback_no_valid_threshold,282
33536,0.72,103,103,1.0,ok,1355
33545,0.89,308,308,1.0,ok,980
33645,0.78,513,513,1.0,ok,1887
33731,,0,0,,fallback_no_valid_threshold,260
33821,0.86,648,648,1.0,ok,3694
33901,,0,0,,fallback_no_valid_threshold,373
34047,,0,0,,fallback_no_valid_threshold,387
34091,0.6,394,394,1.0,ok,1635
34192,,0,0,,fallback_no_valid_threshold,335
34229,,0,0,,fallback_no_valid_threshold,371
34243,0.91,981,981,1.0,ok,4668
34304,0.91,1055,1055,1.0,ok,3505
34321,,0,0,,fallback_no_valid_threshold,296
34464,0.83,451,451,1.0,ok,2875
34611,0.73,340,340,1.0,ok,2743
34635,0.64,149,149,1.0,ok,311
34842,,0,0,,fallback_no_valid_threshold,337
35102,0.62,201,201,1.0,ok,442
35158,0.59,110,110,1.0,ok,635
35169,,0,0,,fallback_no_valid_threshold,360
35203,0.86,466,466,1.0,ok,1268
35764,0.61,147,147,1.0,ok,318
35806,0.99,2240,2240,1.0,ok,14951
35823,0.99,404,404,1.0,ok,3552
35854,0.66,280,280,1.0,ok,1210
36049,,0,0,,fallback_no_valid_threshold,232
36090,,0,0,,fallback_no_valid_threshold,451
36137,,0,0,,fallback_no_valid_threshold,429
36613,0.7,513,513,1.0,ok,957
36692,0.72,663,663,1.0,ok,870
36716,0.68,119,119,1.0,ok,535
36762,,0,0,,fallback_no_valid_threshold,225
36805,0.78,555,555,1.0,ok,1304
36814,0.77,342,342,1.0,ok,1359
36863,,0,0,,fallback_no_valid_threshold,896
37043,0.68,177,177,1.0,ok,699
37089,0.68,220,220,1.0,ok,628
37120,0.81,217,217,1.0,ok,625
37137,0.67,416,416,1.0,ok,1376
37271,0.84,560,560,1.0,ok,5538
37321,0.63,175,175,1.0,ok,1183
37659,0.95,172,172,1.0,ok,1893
37733,0.97,296,296,1.0,ok,1234
38094,,0,0,,fallback_no_valid_threshold,285
38141,0.52,201,201,1.0,ok,424
38237,0.35,126,126,1.0,ok,302
38376,0.97,1502,1502,1.0,ok,6945
38397,0.97,878,878,1.0,ok,6490
38401,0.81,851,851,1.0,ok,1625
38458,,0,0,,fallback_no_valid_threshold,244
38519,,0,0,,fallback_no_valid_threshold,356
38679,0.58,224,224,1.0,ok,638
38834,,0,0,,fallback_no_valid_threshold,208
38870,0.6,239,239,1.0,ok,544
38895,0.81,113,113,1.0,ok,598
39101,0.71,156,156,1.0,ok,808
39363,,0,0,,fallback_no_valid_threshold,261
39443,,0,0,,fallback_no_valid_threshold,584
39456,0.83,569,569,1.0,ok,2575
39498,0.72,196,196,1.0,ok,745
39604,0.43,374,374,1.0,ok,525
39640,,0,0,,fallback_no_valid_threshold,202
39981,,0,0,,fallback_no_valid_threshold,356
40069,0.79,691,691,1.0,ok,1710
40107,0.7,195,195,1.0,ok,1328
40187,0.74,538,538,1.0,ok,1201
40433,,0,0,,fallback_no_valid_threshold,216
40501,0.62,165,165,1.0,ok,262
40546,0.74,300,300,1.0,ok,516
40557,,0,0,,fallback_no_valid_threshold,1028
40567,0.81,104,104,1.0,ok,657
40674,,0,0,,fallback_no_valid_threshold,401
40894,0.76,175,175,1.0,ok,659
41082,0.82,659,659,1.0,ok,2444
41424,0.77,344,344,1.0,ok,906
41503,0.71,129,129,1.0,ok,388
41602,,0,0,,fallback_no_valid_threshold,251
41757,0.7,141,141,1.0,ok,576
41927,0.69,273,273,1.0,ok,521
42098,,0,0,,fallback_no_valid_threshold,565
42130,0.67,168,168,1.0,ok,1229
42144,0.99,112,112,1.0,ok,3552
42169,,0,0,,fallback_no_valid_threshold,203
42287,,0,0,,fallback_no_valid_threshold,390
42548,0.85,198,198,1.0,ok,988
42571,0.88,1720,1720,1.0,ok,3647
42588,,0,0,,fallback_no_valid_threshold,503
43093,0.77,311,311,1.0,ok,1146
43270,0.57,112,112,1.0,ok,273
43301,,0,0,,fallback_no_valid_threshold,255
43392,0.71,120,120,1.0,ok,286
43411,0.82,494,494,1.0,ok,4453
43624,0.7,112,112,1.0,ok,432
43935,0.88,154,154,1.0,ok,459
44104,0.62,278,278,1.0,ok,852
44120,,0,0,,fallback_no_valid_threshold,468
44213,0.77,187,187,1.0,ok,1034
44378,0.82,282,282,1.0,ok,1216
44469,,0,0,,fallback_no_valid_threshold,269
44688,0.74,669,669,1.0,ok,1822
44777,0.5,496,496,1.0,ok,571
44984,0.82,136,136,1.0,ok,292
45210,0.49,155,155,1.0,ok,314
45317,0.96,454,454,1.0,ok,1880
45329,,0,0,,fallback_no_valid_threshold,385
45330,,0,0,,fallback_no_valid_threshold,443
45502,0.72,175,175,1.0,ok,565
45681,0.97,6403,6403,1.0,ok,22828
45902,0.78,335,335,1.0,ok,1406
46125,0.32,196,196,1.0,ok,270
46175,,0,0,,fallback_no_valid_threshold,290
46308,0.96,699,699,1.0,ok,2157
46519,,0,0,,fallback_no_valid_threshold,522
46525,,0,0,,fallback_no_valid_threshold,238
46598,0.38,126,126,1.0,ok,297
46917,,0,0,,fallback_no_valid_threshold,255
46950,0.49,108,108,1.0,ok,257
46971,0.9,284,284,1.0,ok,1603
46999,0.63,156,156,1.0,ok,1206
47100,0.54,214,214,1.0,ok,585
47157,0.76,1380,1380,1.0,ok,2775
47216,0.81,3321,3321,1.0,ok,11735
47528,0.83,295,295,1.0,ok,2629
47585,,0,0,,fallback_no_valid_threshold,202
47648,0.59,219,219,1.0,ok,814
47744,0.91,260,260,1.0,ok,2092
48077,0.61,208,208,1.0,ok,578
48392,0.78,365,365,1.0,ok,1729
48474,0.98,387,387,1.0,ok,3552
48760,0.63,350,350,1.0,ok,1167
48816,0.82,168,168,1.0,ok,341
48829,,0,0,,fallback_no_valid_threshold,207
48875,0.87,183,183,1.0,ok,989
49061,0.63,285,285,1.0,ok,677
49117,,0,0,,fallback_no_valid_threshold,226
49692,,0,0,,fallback_no_valid_threshold,231
49951,0.72,133,133,1.0,ok,418
50106,0.73,552,552,1.0,ok,1626
50244,0.58,100,100,1.0,ok,270
50335,,0,0,,fallback_no_valid_threshold,386
50417,0.7,283,283,1.0,ok,621
50446,0.77,198,198,1.0,ok,422
50513,,0,0,,fallback_no_valid_threshold,200
50569,0.72,113,113,1.0,ok,521
50810,0.6,122,122,1.0,ok,221
51163,,0,0,,fallback_no_valid_threshold,533
51231,,0,0,,fallback_no_valid_threshold,313
51441,,0,0,,fallback_no_valid_threshold,867
51578,0.9,637,637,1.0,ok,2401
51608,0.49,196,196,1.0,ok,569
51934,,0,0,,fallback_no_valid_threshold,252
52744,,0,0,,fallback_no_valid_threshold,365
52868,0.67,102,102,1.0,ok,468
52880,0.68,190,190,1.0,ok,1102
52934,,0,0,,fallback_no_valid_threshold,301
53051,,0,0,,fallback_no_valid_threshold,300
53240,,0,0,,fallback_no_valid_threshold,403
53729,0.86,885,885,1.0,ok,4713
53956,0.71,163,163,1.0,ok,477
54089,0.31,201,201,1.0,ok,239
54675,,0,0,,fallback_no_valid_threshold,210
54803,0.56,149,149,1.0,ok,231
54952,0.53,330,330,1.0,ok,1383
54978,0.95,311,311,1.0,ok,947
55222,,0,0,,fallback_no_valid_threshold,245
55237,0.7,222,222,1.0,ok,347
55261,0.44,142,142,1.0,ok,235
55446,,0,0,,fallback_no_valid_threshold,368
56225,,0,0,,fallback_no_valid_threshold,243
56253,0.8,102,102,1.0,ok,274
56394,0.84,183,183,1.0,ok,415
56592,0.68,481,481,1.0,ok,1089
56594,0.56,164,164,1.0,ok,417
56595,0.11,341,341,1.0,ok,349
56802,0.58,143,143,1.0,ok,248
57176,0.88,177,177,1.0,ok,420
57210,0.24,166,166,1.0,ok,218
57408,0.63,100,100,1.0,ok,209
57641,,0,0,,fallback_no_valid_threshold,381
57758,0.87,411,411,1.0,ok,3998
58259,,0,0,,fallback_no_valid_threshold,223
58300,0.75,129,129,1.0,ok,269
58671,,0,0,,fallback_no_valid_threshold,657
58706,,0,0,,fallback_no_valid_threshold,260
58820,,0,0,,fallback_no_valid_threshold,392
59047,0.95,537,537,1.0,ok,3333
59068,0.72,157,157,1.0,ok,807
59227,0.86,170,170,1.0,ok,1013
59276,0.51,195,195,1.0,ok,508
59424,0.84,916,916,1.0,ok,5858
59477,0.89,1689,1689,1.0,ok,7121
59645,,0,0,,fallback_no_valid_threshold,237
59688,0.75,169,169,1.0,ok,409
59777,0.41,163,163,1.0,ok,204
60146,,0,0,,fallback_no_valid_threshold,230
60525,0.8,132,132,1.0,ok,459
60788,0.95,1185,1185,1.0,ok,5229
61437,,0,0,,fallback_no_valid_threshold,322
61735,,0,0,,fallback_no_valid_threshold,444
61739,,0,0,,fallback_no_valid_threshold,249
61908,0.81,695,695,1.0,ok,3262
61931,0.97,181,181,1.0,ok,1194
62089,0.87,625,625,1.0,ok,2673
62449,0.65,152,152,1.0,ok,894
62462,0.73,698,698,1.0,ok,2453
62800,,0,0,,fallback_no_valid_threshold,240
62826,0.75,418,418,1.0,ok,744
62908,,0,0,,fallback_no_valid_threshold,270
63202,0.82,1204,1204,1.0,ok,2657
63294,0.7,199,199,1.0,ok,838
63345,,0,0,,fallback_no_valid_threshold,589
64113,,0,0,,fallback_no_valid_threshold,497
64164,0.95,225,225,1.0,ok,725
64279,0.82,302,302,1.0,ok,1458
64540,0.68,148,148,1.0,ok,336
64638,0.84,129,129,1.0,ok,619
65344,0.55,259,259,1.0,ok,345
65878,,0,0,,fallback_no_valid_threshold,452
66544,0.5,182,182,1.0,ok,294
66731,,0,0,,fallback_no_valid_threshold,272
66759,,0,0,,fallback_no_valid_threshold,262
66906,,0,0,,fallback_no_valid_threshold,269
66949,0.55,316,316,1.0,ok,383
67128,0.87,1483,1483,1.0,ok,12513
67139,,0,0,,fallback_no_valid_threshold,212
67216,0.7,140,140,1.0,ok,509
67227,0.72,144,144,1.0,ok,251
67500,0.74,202,202,1.0,ok,716
67850,,0,0,,fallback_no_valid_threshold,613
68156,0.81,244,244,1.0,ok,855
68335,0.58,318,318,1.0,ok,549
68762,0.9,161,161,1.0,ok,337
68882,,0,0,,fallback_no_valid_threshold,509
68963,0.94,113,113,1.0,ok,663
69294,0.57,176,176,1.0,ok,583
69651,0.97,6366,6366,1.0,ok,28937
69710,,0,0,,fallback_no_valid_threshold,450
69720,0.62,146,146,1.0,ok,743
69743,,0,0,,fallback_no_valid_threshold,296
69892,0.93,173,173,1.0,ok,1173
69936,0.78,2277,2277,1.0,ok,5612
70498,,0,0,,fallback_no_valid_threshold,205
70685,0.94,9001,9001,1.0,ok,30203
71070,0.68,624,624,1.0,ok,938
71471,0.64,164,164,1.0,ok,308
71496,0.53,111,111,1.0,ok,467
71554,0.59,158,158,1.0,ok,566
71814,0.52,174,174,1.0,ok,550
71981,,0,0,,fallback_no_valid_threshold,645
72083,,0,0,,fallback_no_valid_threshold,526
72392,0.69,150,150,1.0,ok,253
72726,0.85,329,329,1.0,ok,1068
72974,0.85,322,322,1.0,ok,2042
73113,,0,0,,fallback_no_valid_threshold,278
73284,,0,0,,fallback_no_valid_threshold,239
73383,0.67,184,184,1.0,ok,336
73583,,0,0,,fallback_no_valid_threshold,216
73591,0.81,176,176,1.0,ok,586
73864,0.86,109,109,1.0,ok,241
74008,0.67,1288,1288,1.0,ok,4405
74503,0.64,154,154,1.0,ok,386
74589,0.88,743,743,1.0,ok,3672
74785,0.55,196,196,1.0,ok,1388
74956,0.61,462,462,1.0,ok,767
75065,0.69,310,310,1.0,ok,1068
75120,0.91,264,264,1.0,ok,1136
75797,0.73,104,104,1.0,ok,438
75833,0.75,857,857,1.0,ok,1723
76030,,0,0,,fallback_no_valid_threshold,321
76291,0.54,130,130,1.0,ok,260
76576,0.78,621,621,1.0,ok,1136
76849,0.83,287,287,1.0,ok,1786
77044,,0,0,,fallback_no_valid_threshold,213
77402,,0,0,,fallback_no_valid_threshold,221
77660,0.75,247,247,1.0,ok,1187
77669,0.51,143,143,1.0,ok,249
77824,0.84,1226,1226,1.0,ok,4612
77938,0.74,342,342,1.0,ok,744
78152,0.96,1528,1528,1.0,ok,4266
78346,0.79,183,183,1.0,ok,410
78420,0.92,159,159,1.0,ok,915
78949,,0,0,,fallback_no_valid_threshold,222
79087,0.64,112,112,1.0,ok,626
79136,,0,0,,fallback_no_valid_threshold,206
79313,,0,0,,fallback_no_valid_threshold,256
79589,0.68,320,320,1.0,ok,1406
80165,0.67,100,100,1.0,ok,381
81371,0.61,234,234,1.0,ok,393
82468,,0,0,,fallback_no_valid_threshold,714
83158,0.67,249,249,1.0,ok,532
83168,,0,0,,fallback_no_valid_threshold,241
83431,0.76,203,203,1.0,ok,713
83575,0.75,427,427,1.0,ok,3043
83711,,0,0,,fallback_no_valid_threshold,230
83734,,0,0,,fallback_no_valid_threshold,306
84201,0.77,154,154,1.0,ok,853
84605,0.52,399,399,1.0,ok,579
85541,,0,0,,fallback_no_valid_threshold,529
85879,,0,0,,fallback_no_valid_threshold,240
86063,0.34,167,167,1.0,ok,460
86684,,0,0,,fallback_no_valid_threshold,276
86771,,0,0,,fallback_no_valid_threshold,200
87602,0.83,112,112,1.0,ok,426
88161,0.93,313,313,1.0,ok,1275
88993,,0,0,,fallback_no_valid_threshold,687
89097,,0,0,,fallback_no_valid_threshold,815
89833,0.35,408,408,1.0,ok,422
90141,0.65,101,101,1.0,ok,293
90150,0.69,394,394,1.0,ok,2061
90158,0.68,576,576,1.0,ok,2272
90690,0.88,947,947,1.0,ok,7149
90699,0.75,181,181,1.0,ok,565
91126,,0,0,,fallback_no_valid_threshold,425
91153,0.65,185,185,1.0,ok,416
92393,0.56,185,185,1.0,ok,262
92696,0.34,109,109,1.0,ok,228
93296,0.76,144,144,1.0,ok,625
93450,,0,0,,fallback_no_valid_threshold,483
93520,,0,0,,fallback_no_valid_threshold,251
94094,,0,0,,fallback_no_valid_threshold,251
94205,0.9,390,390,1.0,ok,2610
94411,0.85,321,321,1.0,ok,1128
94575,0.58,130,130,1.0,ok,281
94772,,0,0,,fallback_no_valid_threshold,646
94844,0.73,109,109,1.0,ok,529
95224,0.93,743,743,1.0,ok,4853
95602,,0,0,,fallback_no_valid_threshold,394
96747,,0,0,,fallback_no_valid_threshold,447
96817,0.74,124,124,1.0,ok,251
96960,0.9,174,174,1.0,ok,1076
97139,,0,0,,fallback_no_valid_threshold,201
97905,,0,0,,fallback_no_valid_threshold,773
97966,0.71,121,121,1.0,ok,477
98185,0.51,189,189,1.0,ok,385
98379,0.73,289,289,1.0,ok,482
99056,,0,0,,fallback_no_valid_threshold,282
99118,0.76,232,232,1.0,ok,715
99450,0.71,165,165,1.0,ok,335
99545,0.71,172,172,1.0,ok,905
99968,0.78,209,209,1.0,ok,680
100131,0.76,160,160,1.0,ok,543
100544,0.66,113,113,1.0,ok,483
100782,,0,0,,fallback_no_valid_threshold,201
100822,0.95,243,243,1.0,ok,530
100958,0.91,110,110,1.0,ok,383
101185,,0,0,,fallback_no_valid_threshold,557
101786,,0,0,,fallback_no_valid_threshold,200
101993,,0,0,,fallback_no_valid_threshold,296
102065,0.59,341,341,1.0,ok,663
102217,0.78,229,229,1.0,ok,894
103069,,0,0,,fallback_no_valid_threshold,234
103098,0.83,2209,2209,1.0,ok,3961
103496,,0,0,,fallback_no_valid_threshold,212
103966,,0,0,,fallback_no_valid_threshold,242
104980,0.5,109,109,1.0,ok,214
105086,,0,0,,fallback_no_valid_threshold,211
106742,0.84,133,133,1.0,ok,387
108177,0.94,596,596,1.0,ok,8658
108638,0.72,287,287,1.0,ok,812
108643,0.76,150,150,1.0,ok,269
108647,0.7,210,210,1.0,ok,640
108852,,0,0,,fallback_no_valid_threshold,384
109126,0.74,262,262,1.0,ok,842
109198,0.6,110,110,1.0,ok,254
110062,0.7,260,260,1.0,ok,945
110147,,0,0,,fallback_no_valid_threshold,740
110190,0.72,347,347,1.0,ok,1606
111600,0.45,176,176,1.0,ok,259
111954,,0,0,,fallback_no_valid_threshold,234
112763,0.73,597,597,1.0,ok,1032
113427,0.85,197,197,1.0,ok,967
113987,0.87,422,422,1.0,ok,3129
114130,,0,0,,fallback_no_valid_threshold,458
114441,,0,0,,fallback_no_valid_threshold,294
114771,0.77,386,386,1.0,ok,861
114772,,0,0,,fallback_no_valid_threshold,856
114852,0.91,855,855,1.0,ok,2618
115505,0.83,290,290,1.0,ok,2300
115581,0.75,115,115,1.0,ok,318
115807,,0,0,,fallback_no_valid_threshold,211
116235,0.83,327,327,1.0,ok,714
117809,,0,0,,fallback_no_valid_threshold,208
118084,,0,0,,fallback_no_valid_threshold,875
118599,0.7,206,206,1.0,ok,1171
120318,0.69,226,226,1.0,ok,725
120835,0.64,180,180,1.0,ok,255
121580,0.95,153,153,1.0,ok,1230
121920,0.9,513,513,1.0,ok,3005
122979,0.72,320,320,1.0,ok,703
124297,0.8,263,263,1.0,ok,615
126081,0.99,1550536,1550536,1.0,ok,1951176
126348,0.97,19820,19820,1.0,ok,75854
